xgb_proba,lstm_proba,ensemble_proba,xgb_pred,lstm_pred,ensemble_pred,true
4.4591852e-05,0.10406816,0.052056376,0,0,0,0.0
0.00020982366,0.36706996,0.1836399,0,0,0,0.0
5.6378183e-05,0.026172232,0.013114305,0,0,0,0.0
0.0002988609,0.13601896,0.06815891,0,0,0,0.0
0.10469866,0.0054046437,0.05505165,0,0,0,0.0
0.00025495974,0.035594523,0.01792474,0,0,0,0.0
0.3606538,0.095471755,0.22806278,0,0,0,1.0
6.731905e-05,0.004667656,0.0023674876,0,0,0,0.0
0.00011512938,0.028132947,0.014124039,0,0,0,0.0
0.25886244,0.16998951,0.21442598,0,0,0,1.0
5.323201e-05,0.005175803,0.0026145175,0,0,0,0.0
0.00027577192,0.030917186,0.015596479,0,0,0,0.0
0.4598325,0.20900352,0.334418,0,0,0,1.0
2.9809908e-05,0.0053949407,0.0027123753,0,0,0,0.0
0.28533545,0.03255372,0.15894459,0,0,0,1.0
2.0462172e-05,0.083445705,0.041733082,0,0,0,0.0
0.00017040907,0.314372,0.1572712,0,0,0,0.0
0.00020740734,0.026891448,0.0135494275,0,0,0,0.0
0.5170594,0.23920365,0.3781315,1,0,0,1.0
4.5975004e-05,0.0059281574,0.0029870663,0,0,0,0.0
0.00025573344,0.035261255,0.017758494,0,0,0,0.0
0.41107288,0.3081678,0.35962033,0,0,0,0.0
3.6291825e-05,0.0053646145,0.0027004532,0,0,0,0.0
0.0001875333,0.031646445,0.01591699,0,0,0,0.0
0.39950988,0.41190895,0.40570942,0,0,0,0.0
3.259796e-05,0.005343928,0.002688263,0,0,0,0.0
0.47275648,0.031766996,0.25226173,0,0,0,1.0
2.9476447e-05,0.46073142,0.23038045,0,0,0,0.0
0.00026335154,0.005361285,0.0028123183,0,0,0,0.0
3.716802e-05,0.032239802,0.016138485,0,0,0,0.0
0.00029888997,0.13095383,0.06562636,0,0,0,0.0
0.2704561,0.004235684,0.1373459,0,0,0,1.0
0.0003811133,0.04493464,0.022657877,0,0,0,0.0
0.22820505,0.27140445,0.24980475,0,0,0,1.0
3.3782846e-05,0.0042814333,0.002157608,0,0,0,0.0
0.00019326532,0.028292717,0.014242992,0,0,0,0.0
0.05981916,0.45786682,0.25884297,0,0,0,1.0
3.165245e-05,0.0047868458,0.002409249,0,0,0,0.0
0.00019539578,0.031387895,0.015791645,0,0,0,0.0
0.071006015,0.002685037,0.036845528,0,0,0,1.0
3.8606577e-05,0.028418563,0.014228585,0,0,0,0.0
0.00021402565,0.05055217,0.025383098,0,0,0,0.0
0.04354179,0.14467905,0.09411042,0,0,0,1.0
5.089764e-05,0.004523213,0.0022870554,0,0,0,0.0
6.460717e-05,0.046226487,0.023145547,0,0,0,0.0
0.00048728433,0.25224948,0.12636839,0,0,0,0.0
0.051884625,0.0043713525,0.028127989,0,0,0,1.0
0.00035892596,0.027276635,0.013817781,0,0,0,0.0
0.05688581,0.002650177,0.029767994,0,0,0,1.0
4.780385e-05,0.025628382,0.012838093,0,0,0,0.0
0.0002990074,0.046194527,0.023246767,0,0,0,0.0
0.031397868,0.08480894,0.058103405,0,0,0,0.0
2.9792853e-05,0.33164394,0.16583687,0,0,0,0.0
0.00020391031,0.020790068,0.01049699,0,0,0,0.0
0.09425986,0.07168341,0.08297163,0,0,0,1.0
6.954014e-05,0.30063412,0.15035182,0,0,0,0.0
0.00025658286,0.019534824,0.009895704,0,0,0,0.0
0.10912007,0.07581198,0.09246603,0,0,0,1.0
4.621224e-05,0.30436245,0.15220433,0,0,0,0.0
0.00026368318,0.018934175,0.009598929,0,0,0,0.0
0.13745701,0.07936151,0.10840926,0,0,0,1.0
5.072819e-05,0.30111626,0.15058349,0,0,0,0.0
0.00017765907,0.021943469,0.011060564,0,0,0,0.0
0.12948216,0.0032849398,0.066383556,0,0,0,1.0
4.7093778e-05,0.023148576,0.0115978345,0,0,0,0.0
0.0002171341,0.040461835,0.020339483,0,0,0,0.0
0.25346926,0.23367307,0.24357116,0,0,0,1.0
8.484065e-05,0.004715479,0.0024001598,0,0,0,0.0
0.06968118,0.026890546,0.048285864,0,0,0,1.0
3.7901176e-05,0.26935196,0.13469493,0,0,0,0.0
0.0002314932,0.0042228643,0.0022271788,0,0,0,0.0
0.00014115889,0.02578889,0.012965024,0,0,0,0.0
0.046995457,0.3077202,0.17735784,0,0,0,1.0
3.549029e-05,0.0041380865,0.0020867884,0,0,0,0.0
0.00017003364,0.026195819,0.013182926,0,0,0,0.0
0.065616205,0.06983504,0.06772562,0,0,0,1.0
5.8674013e-05,0.29237694,0.14621781,0,0,0,0.0
0.025011778,0.02098523,0.022998504,0,0,0,0.0
3.5052555e-05,0.35271597,0.17637551,0,0,0,0.0
0.00019123008,0.0049109347,0.0025510823,0,0,0,0.0
8.5099935e-05,0.03196162,0.01602336,0,0,0,0.0
0.00031648309,0.44055176,0.22043411,0,0,0,0.0
0.06338828,0.004936934,0.034162607,0,0,0,1.0
6.978234e-05,0.03033491,0.015202346,0,0,0,0.0
0.00024426542,0.48760304,0.24392365,0,0,0,0.0
0.10688963,0.0050137662,0.055951696,0,0,0,1.0
8.567634e-05,0.031936537,0.016011108,0,0,0,0.0
0.00028831713,0.0027531385,0.0015207279,0,0,0,0.0
0.079241246,0.029033257,0.054137252,0,0,0,0.0
6.244102e-05,0.058503702,0.029283071,0,0,0,0.0
0.00023271677,0.0952937,0.04776321,0,0,0,0.0
0.12843707,0.39865872,0.2635479,0,0,0,0.0
0.07299487,0.02596778,0.049481325,0,0,0,1.0
4.6361212e-05,0.39715222,0.1985993,0,0,0,0.0
0.0003785614,0.0047673197,0.0025729404,0,0,0,0.0
0.00021720491,0.031892207,0.016054705,0,0,0,0.0
0.14311098,0.5162157,0.32966334,0,1,0,1.0
6.0840306e-05,0.004614738,0.0023377892,0,0,0,0.0
7.653368e-05,0.030963209,0.015519871,0,0,0,0.0
0.07358486,0.54663455,0.3101097,0,1,0,1.0
2.753585e-05,0.004613192,0.002320364,0,0,0,0.0
0.00012201578,0.032096863,0.016109439,0,0,0,0.0
0.12311502,0.0025642072,0.06283961,0,0,0,1.0
6.9558315e-05,0.026344774,0.013207166,0,0,0,0.0
6.675649e-05,0.070849836,0.035458297,0,0,0,0.0
0.0001857629,0.2394539,0.11981983,0,0,0,0.0
0.047719285,0.0048311385,0.026275212,0,0,0,1.0
0.0001295898,0.055804886,0.027967237,0,0,0,0.0
0.031507738,0.43971288,0.2356103,0,0,0,1.0
4.1778938e-05,0.004523757,0.002282768,0,0,0,0.0
0.00015186249,0.036295775,0.018223818,0,0,0,0.0
0.05693579,0.5284842,0.29271,0,1,0,1.0
3.9983577e-05,0.004728506,0.0023842447,0,0,0,0.0
8.634636e-05,0.038588718,0.019337531,0,0,0,0.0
0.049193,0.002726646,0.025959821,0,0,0,1.0
3.038468e-05,0.026118878,0.013074632,0,0,0,0.0
0.07760042,0.08869238,0.0831464,0,0,0,1.0
4.778598e-05,0.14024602,0.0701469,0,0,0,0.0
0.00015572882,0.48792416,0.24403994,0,0,0,0.0
5.503356e-05,0.025657881,0.012856457,0,0,0,0.0
0.00016873608,0.14747721,0.073822975,0,0,0,0.0
0.09630074,0.43833223,0.2673165,0,0,0,1.0
0.00012599154,0.020517588,0.010321789,0,0,0,0.0
0.08042198,0.32193393,0.20117795,0,0,0,1.0
3.5188168e-05,0.0048194053,0.0024272967,0,0,0,0.0
0.00011095493,0.038838405,0.01947468,0,0,0,0.0
0.08704219,0.46067506,0.27385864,0,0,0,1.0
2.68254e-05,0.0048041726,0.002415499,0,0,0,0.0
0.00015786408,0.035526212,0.017842038,0,0,0,0.0
0.18358588,0.4443207,0.31395328,0,0,0,0.0
3.661146e-05,0.004491042,0.0022638268,0,0,0,0.0
0.25438365,0.03252907,0.14345637,0,0,0,0.0
6.1545514e-05,0.4365366,0.21829908,0,0,0,0.0
0.0005363214,0.004656964,0.0025966426,0,0,0,0.0
0.000801619,0.0321614,0.01648151,0,0,0,0.0
0.47329348,0.1344402,0.30386683,0,0,0,1.0
0.00016233686,0.003889236,0.0020257863,0,0,0,0.0
0.00069668965,0.029165462,0.014931075,0,0,0,0.0
0.63330984,0.21863753,0.42597368,1,0,0,1.0
0.00019103946,0.0036810474,0.0019360434,0,0,0,0.0
0.00068382034,0.024962034,0.012822927,0,0,0,0.0
0.6090062,0.3881164,0.49856132,1,0,0,0.0
0.00024159279,0.0040857447,0.0021636689,0,0,0,0.0
0.6140132,0.02887827,0.32144573,1,0,0,0.0
0.0002741853,0.39630198,0.19828808,0,0,0,0.0
0.0016198317,0.004278399,0.0029491154,0,0,0,0.0
0.0003193643,0.02898216,0.014650762,0,0,0,0.0
0.0031324318,0.40722597,0.2051792,0,0,0,0.0
0.84062856,0.0044322116,0.42253038,1,0,0,1.0
0.00024750057,0.03017417,0.015210835,0,0,0,0.0
0.0018539026,0.137588,0.069720946,0,0,0,0.0
0.75758904,0.0042167413,0.3809029,1,0,0,1.0
0.0017852613,0.026802788,0.014294025,0,0,0,0.0
0.72185874,0.14377552,0.43281713,1,0,0,1.0
0.0002610402,0.0036890341,0.0019750372,0,0,0,0.0
0.0021246336,0.025140041,0.013632338,0,0,0,0.0
0.7904824,0.28406453,0.53727347,1,0,1,1.0
0.00024086806,0.004270569,0.0022557185,0,0,0,0.0
0.0014200046,0.028642166,0.015031085,0,0,0,0.0
0.7662395,0.3110301,0.5386348,1,0,1,1.0
0.00033260998,0.004776945,0.0025547775,0,0,0,0.0
0.0013031934,0.032738246,0.01702072,0,0,0,0.0
0.5133451,0.1371044,0.32522476,1,0,0,1.0
0.00028097045,0.0047026486,0.0024918094,0,0,0,0.0
0.0013868522,0.027491512,0.014439182,0,0,0,0.0
0.3389313,0.10849113,0.22371121,0,0,0,1.0
0.00012562217,0.004137525,0.0021315736,0,0,0,0.0
0.0007715116,0.03007399,0.01542275,0,0,0,0.0
0.47087532,0.25004926,0.3604623,0,0,0,1.0
0.0002231241,0.004730439,0.0024767814,0,0,0,0.0
0.0012430963,0.034491226,0.017867161,0,0,0,0.0
0.818545,0.30997834,0.5642617,1,0,1,1.0
0.0001472494,0.005226851,0.0026870503,0,0,0,0.0
0.0007434099,0.03731619,0.0190298,0,0,0,0.0
0.4174152,0.09631718,0.2568662,0,0,0,1.0
8.7499575e-05,0.33171967,0.16590358,0,0,0,0.0
0.0005117606,0.023888802,0.012200281,0,0,0,0.0
0.3499032,0.11423416,0.23206867,0,0,0,0.0
6.961498e-05,0.3075867,0.15382816,0,0,0,0.0
0.0005690701,0.019811256,0.010190163,0,0,0,0.0
0.40739003,0.12760223,0.26749614,0,0,0,1.0
7.530384e-05,0.006321019,0.0031981615,0,0,0,0.0
0.0004248852,0.0435042,0.021964543,0,0,0,0.0
0.24182284,0.15451363,0.19816823,0,0,0,0.0
4.998441e-05,0.0048688217,0.0024594031,0,0,0,0.0
0.0006483377,0.03822324,0.01943579,0,0,0,0.0
0.13473518,0.28162262,0.20817891,0,0,0,0.0
6.400004e-05,0.0052099247,0.0026369623,0,0,0,0.0
0.0005803497,0.040301334,0.020440841,0,0,0,0.0
0.23075643,0.31475085,0.27275366,0,0,0,0.0
0.0001148788,0.0052820262,0.0026984524,0,0,0,0.0
0.00059368386,0.039002765,0.019798225,0,0,0,0.0
0.2573978,0.0869298,0.1721638,0,0,0,1.0
0.000111463414,0.25587898,0.12799522,0,0,0,0.0
0.00049334345,0.017316997,0.0089051705,0,0,0,0.0
0.37897766,0.19918263,0.28908014,0,0,0,0.0
0.00017336568,0.005168732,0.0026710487,0,0,0,0.0
0.0010450224,0.042188227,0.021616625,0,0,0,0.0
0.39268133,0.3460749,0.36937812,0,0,0,1.0
0.00020637759,0.0053420193,0.0027741985,0,0,0,0.0
0.0009854796,0.042560946,0.021773214,0,0,0,0.0
0.5274167,0.37001905,0.4487179,1,0,0,0.0
0.00016047848,0.005414837,0.0027876578,0,0,0,0.0
0.00019027048,0.042566944,0.021378607,0,0,0,0.0
0.0012877218,0.00324964,0.0022686808,0,0,0,0.0
0.69903696,0.029567134,0.36430204,1,0,0,0.0
0.00016613539,0.046085913,0.023126025,0,0,0,0.0
0.0014046296,0.09210564,0.046755135,0,0,0,0.0
0.5902859,0.23622704,0.41325647,1,0,0,0.0
0.0014092816,0.022049777,0.011729529,0,0,0,0.0
0.58349955,0.14022373,0.36186165,1,0,0,0.0
0.00013599574,0.0056866705,0.0029113332,0,0,0,0.0
0.00060995657,0.04131895,0.020964453,0,0,0,0.0
0.34444267,0.24018219,0.29231244,0,0,0,0.0
0.000102005484,0.005413928,0.0027579668,0,0,0,0.0
0.001019735,0.037754096,0.019386915,0,0,0,0.0
0.6360089,0.27076277,0.45338583,1,0,0,0.0
0.0002924206,0.00532548,0.0028089501,0,0,0,0.0
0.0009790647,0.03571393,0.018346498,0,0,0,0.0
0.45141155,0.003241283,0.22732641,0,0,0,0.0
0.00024592972,0.028131174,0.014188552,0,0,0,0.0
0.00017371716,0.05537493,0.027774325,0,0,0,0.0
0.0008307627,0.12153835,0.061184555,0,0,0,0.0
0.37869754,0.0055191265,0.19210833,0,0,0,1.0
0.00060062687,0.03854586,0.019573245,0,0,0,0.0
0.3400612,0.12300623,0.2315337,0,0,0,1.0
0.0001944978,0.0043814247,0.0022879613,0,0,0,0.0
0.00081228727,0.030681666,0.015746977,0,0,0,0.0
0.7290971,0.21666004,0.47287858,1,0,0,1.0
0.0003763226,0.0048920726,0.0026341977,0,0,0,0.0
0.0019303225,0.035984535,0.018957429,0,0,0,0.0
0.6842846,0.0032958805,0.34379026,1,0,0,1.0
0.00030875695,0.03000441,0.015156584,0,0,0,0.0
0.82660586,0.081864975,0.4542354,1,0,0,1.0
0.00040247795,0.11417813,0.057290304,0,0,0,0.0
0.0018643085,0.33841315,0.17013873,0,0,0,0.0
0.00028388633,0.020324005,0.010303945,0,0,0,0.0
0.002456309,0.08994845,0.04620238,0,0,0,0.0
0.37291148,0.31816182,0.34553665,0,0,0,0.0
0.0013193092,0.018537648,0.009928479,0,0,0,0.0
0.4972282,0.16676387,0.33199602,0,0,0,0.0
0.00015809938,0.006028935,0.0030935172,0,0,0,0.0
0.0009938717,0.041408844,0.021201357,0,0,0,0.0
0.3851292,0.2664926,0.3258109,0,0,0,1.0
0.0002366303,0.005637248,0.0029369392,0,0,0,0.0
0.0011471595,0.037062276,0.019104717,0,0,0,0.0
0.2857133,0.31918278,0.30244803,0,0,0,1.0
0.00016861288,0.0054103914,0.002789502,0,0,0,0.0
0.13018571,0.037284687,0.0837352,0,0,0,1.0
0.0002398613,0.3301783,0.16520907,0,0,0,0.0
0.0016243065,0.005082921,0.003353614,0,0,0,0.0
0.0010206632,0.03432383,0.017672246,0,0,0,0.0
0.26849332,0.16556787,0.2170306,0,0,0,1.0
0.00024633852,0.0049138768,0.0025801077,0,0,0,0.0
0.0012821363,0.04370825,0.022495193,0,0,0,0.0
0.2582269,0.25735995,0.25779343,0,0,0,1.0
0.00042871817,0.004224643,0.0023266806,0,0,0,0.0
0.0013410298,0.032955673,0.017148351,0,0,0,0.0
0.27962124,0.35346895,0.3165451,0,0,0,1.0
0.0003181903,0.0045080287,0.0024131094,0,0,0,0.0
0.237378,0.03500134,0.13618967,0,0,0,1.0
0.00017476117,0.4283209,0.21424784,0,0,0,0.0
0.0014169139,0.0046722684,0.0030445913,0,0,0,0.0
0.00016545293,0.037500415,0.018832933,0,0,0,0.0
0.0013270741,0.48007393,0.2407005,0,0,0,0.0
0.104256585,0.00470155,0.054479066,0,0,0,1.0
0.00012302343,0.038579114,0.019351069,0,0,0,0.0
0.0011780967,0.24645095,0.12381452,0,0,0,0.0
0.16353603,0.004521043,0.084028535,0,0,0,1.0
0.0009888503,0.045369275,0.023179062,0,0,0,0.0
0.17425323,0.3084479,0.24135056,0,0,0,1.0
8.338138e-05,0.004019957,0.0020516692,0,0,0,0.0
0.00083778217,0.032817766,0.016827773,0,0,0,0.0
0.15081072,0.39035264,0.27058166,0,0,0,1.0
0.0001196207,0.0044038636,0.002261742,0,0,0,0.0
0.00042408583,0.033257652,0.01684087,0,0,0,0.0
0.042836454,0.39405653,0.2184465,0,0,0,1.0
6.201808e-05,0.0047561387,0.0024090784,0,0,0,0.0
0.00028797702,0.034729548,0.017508762,0,0,0,0.0
0.07111039,0.21117775,0.14114407,0,0,0,1.0
5.871812e-05,0.004828718,0.002443718,0,0,0,0.0
0.00040181435,0.043895733,0.022148773,0,0,0,0.0
0.1276806,0.22102894,0.17435476,0,0,0,1.0
3.324357e-05,0.004499046,0.0022661448,0,0,0,0.0
0.00026426883,0.03529756,0.017780915,0,0,0,0.0
0.10338683,0.28050607,0.19194645,0,0,0,0.0
2.7367803e-05,0.0050599775,0.0025436727,0,0,0,0.0
0.0003018219,0.03980608,0.020053951,0,0,0,0.0
0.09356978,0.29039434,0.19198206,0,0,0,0.0
4.349181e-05,0.0052656983,0.002654595,0,0,0,0.0
0.00065612706,0.04010927,0.020382699,0,0,0,0.0
0.15479942,0.097875185,0.1263373,0,0,0,1.0
3.1828826e-05,0.36284244,0.18143713,0,0,0,0.0
0.00050441193,0.012822252,0.0066633318,0,0,0,0.0
0.48004094,0.07425659,0.27714875,0,0,0,0.0
4.4083212e-05,0.3041819,0.15211299,0,0,0,0.0
0.000752032,0.012563001,0.0066575166,0,0,0,0.0
0.39696324,0.11857454,0.2577689,0,0,0,0.0
5.0673265e-05,0.005015807,0.0025332402,0,0,0,0.0
0.0005815568,0.041844677,0.021213116,0,0,0,0.0
0.4022563,0.20312417,0.30269024,0,0,0,0.0
6.3692336e-05,0.0047758566,0.0024197744,0,0,0,0.0
0.00024708442,0.03569759,0.017972337,0,0,0,0.0
0.16168304,0.2599381,0.21081057,0,0,0,1.0
3.2644093e-05,0.005162263,0.0025974535,0,0,0,0.0
0.00023017883,0.035851367,0.018040773,0,0,0,0.0
0.12389835,0.2838235,0.20386092,0,0,0,0.0
3.375541e-05,0.0050675566,0.002550656,0,0,0,0.0
0.00038289922,0.03446844,0.01742567,0,0,0,0.0
0.13642646,0.088639796,0.11253313,0,0,0,0.0
3.9773313e-05,0.38747838,0.19375908,0,0,0,0.0
0.00022565763,0.015244227,0.0077349422,0,0,0,0.0
0.33462504,0.25095934,0.2927922,0,0,0,1.0
0.0001350811,0.004572568,0.0023538244,0,0,0,0.0
0.0010730972,0.03540339,0.018238243,0,0,0,0.0
0.39239067,0.39444518,0.39341792,0,0,0,1.0
0.0001559324,0.004866337,0.0025111346,0,0,0,0.0
0.0007658982,0.035020255,0.017893076,0,0,0,0.0
0.29463848,0.42023218,0.35743535,0,0,0,1.0
6.5243206e-05,0.0048827636,0.0024740035,0,0,0,0.0
3.99933e-05,0.035033405,0.0175367,0,0,0,0.0
0.00031832958,0.0028595945,0.001588962,0,0,0,0.0
0.19359472,0.025370335,0.10948253,0,0,0,1.0
7.243343e-05,0.08014793,0.040110182,0,0,0,0.0
0.0004599881,0.13327304,0.06686651,0,0,0,0.0
0.35663542,0.5073003,0.43196785,0,1,0,1.0
0.00027724507,0.017094824,0.008686035,0,0,0,0.0
0.20818777,0.24986582,0.2290268,0,0,0,1.0
9.952397e-05,0.0047140135,0.0024067687,0,0,0,0.0
0.00037453594,0.035857413,0.018115975,0,0,0,0.0
0.15385532,0.3838145,0.26883492,0,0,0,1.0
4.9855968e-05,0.0045456146,0.0022977353,0,0,0,0.0
0.0007149132,0.033120215,0.016917564,0,0,0,0.0
0.24024479,0.3931991,0.31672195,0,0,0,1.0
8.850702e-05,0.004931537,0.002510022,0,0,0,0.0
0.0008739487,0.035683643,0.018278796,0,0,0,0.0
0.32557693,0.0029488914,0.1642629,0,0,0,1.0
7.404502e-05,0.023482021,0.011778033,0,0,0,0.0
6.123016e-05,0.09384758,0.046954405,0,0,0,0.0
0.0011368586,0.31980392,0.1604704,0,0,0,0.0
0.2679189,0.0062809554,0.13709994,0,0,0,1.0
0.0009509026,0.04073925,0.020845076,0,0,0,0.0
0.3496274,0.25981385,0.30472064,0,0,0,1.0
7.93846e-05,0.0048633283,0.0024713564,0,0,0,0.0
0.0011228235,0.03400221,0.017562518,0,0,0,0.0
0.09728183,0.3082735,0.20277765,0,0,0,1.0
3.5049816e-05,0.004562407,0.0022987283,0,0,0,0.0
0.00027530798,0.03283136,0.016553333,0,0,0,0.0
0.065562755,0.0028778324,0.034220293,0,0,0,1.0
3.1829706e-05,0.022183634,0.011107732,0,0,0,0.0
0.04177959,0.05636313,0.04907136,0,0,0,0.0
1.6300124e-05,0.09917669,0.049596496,0,0,0,0.0
0.00011933088,0.37152192,0.18582062,0,0,0,0.0
1.2521037e-05,0.014246746,0.0071296333,0,0,0,0.0
0.00013004769,0.06319223,0.03166114,0,0,0,0.0
0.035543934,0.34090132,0.18822262,0,0,0,0.0
0.00017221125,0.013649128,0.0069106696,0,0,0,0.0
0.04629044,0.1473777,0.09683407,0,0,0,1.0
1.871068e-05,0.0042444137,0.0021315622,0,0,0,0.0
0.00016430307,0.03239085,0.016277578,0,0,0,0.0
0.20669204,0.320897,0.26379454,0,0,0,0.0
2.6025346e-05,0.004487956,0.0022569906,0,0,0,0.0
0.00021925903,0.03255944,0.01638935,0,0,0,0.0
0.2158257,0.37300804,0.29441687,0,0,0,1.0
2.2903161e-05,0.004570832,0.0022968675,0,0,0,0.0
0.11312001,0.03256928,0.07284465,0,0,0,1.0
1.8328625e-05,0.43845195,0.21923514,0,0,0,0.0
0.0001271572,0.0045691268,0.002348142,0,0,0,0.0
0.00026182085,0.032550897,0.01640636,0,0,0,0.0
0.14461239,0.18636842,0.1654904,0,0,0,1.0
2.8182587e-05,0.0041212467,0.0020747148,0,0,0,0.0
0.0004788782,0.048009366,0.024244122,0,0,0,0.0
0.21726368,0.33365163,0.27545765,0,0,0,1.0
3.656115e-05,0.0039147674,0.0019756642,0,0,0,0.0
0.00047124128,0.032179937,0.01632559,0,0,0,0.0
0.23620865,0.48525742,0.36073303,0,0,0,1.0
4.1181163e-05,0.004388595,0.002214888,0,0,0,0.0
0.24759313,0.03591896,0.14175604,0,0,0,1.0
3.1960895e-05,0.5015749,0.2508034,0,1,0,0.0
0.00022330797,0.0045549977,0.0023891528,0,0,0,0.0
3.541169e-05,0.038883407,0.01945941,0,0,0,0.0
0.00025709148,0.47104585,0.23565148,0,0,0,0.0
0.38881654,0.004740018,0.19677828,0,0,0,1.0
3.4252185e-05,0.042323798,0.021179026,0,0,0,0.0
0.00037169535,0.25780997,0.12909083,0,0,0,0.0
0.42899537,0.0044853385,0.21674035,0,0,0,1.0
0.00063277193,0.052971616,0.026802193,0,0,0,0.0
0.26213944,0.31562468,0.28888208,0,0,0,1.0
6.342014e-05,0.004246734,0.0021550772,0,0,0,0.0
0.00029576558,0.0323912,0.016343484,0,0,0,0.0
0.12388541,0.32495207,0.22441873,0,0,0,1.0
4.384453e-05,0.004354258,0.0021990512,0,0,0,0.0
0.00050885015,0.034045782,0.017277315,0,0,0,0.0
0.18995842,0.32989684,0.25992763,0,0,0,1.0
7.2455536e-05,0.004605268,0.0023388618,0,0,0,0.0
0.0006141412,0.03534244,0.01797829,0,0,0,0.0
0.16353323,0.18227579,0.1729045,0,0,0,0.0
5.8541e-05,0.0044771126,0.0022678268,0,0,0,0.0
0.0017844772,0.042594425,0.022189451,0,0,0,0.0
0.48537838,0.20130455,0.34334147,0,0,0,0.0
0.0001639239,0.0039818007,0.0020728623,0,0,0,0.0
0.001909357,0.031318504,0.01661393,0,0,0,0.0
0.660253,0.22251852,0.44138575,1,0,0,0.0
0.000117728094,0.004291671,0.0022046994,0,0,0,0.0
0.00146208,0.03219182,0.01682695,0,0,0,0.0
0.65169364,0.26319087,0.45744225,1,0,0,0.0
0.000115378425,0.004742858,0.0024291181,0,0,0,0.0
0.0014057811,0.036476463,0.018941123,0,0,0,0.0
0.39012578,0.08208649,0.23610613,0,0,0,0.0
0.00012690526,0.28752038,0.14382364,0,0,0,0.0
0.0015361762,0.016946977,0.009241576,0,0,0,0.0
0.6975948,0.08948837,0.3935416,1,0,0,0.0
0.0003945794,0.32277858,0.16158658,0,0,0,0.0
0.0033848847,0.016596477,0.009990681,0,0,0,0.0
0.6428789,0.15226606,0.39757246,1,0,0,0.0
0.00014207944,0.0049677063,0.0025548928,0,0,0,0.0
0.0014665374,0.046294965,0.023880752,0,0,0,0.0
0.54699033,0.16430457,0.35564744,1,0,0,0.0
0.00024067798,0.0040223883,0.002131533,0,0,0,0.0
0.0011818086,0.03460429,0.017893048,0,0,0,0.0
0.3289462,0.33049756,0.32972187,0,0,0,0.0
9.791828e-05,0.004577217,0.0023375677,0,0,0,0.0
0.0013944681,0.035721794,0.018558132,0,0,0,0.0
0.21939091,0.39151186,0.3054514,0,0,0,0.0
0.00016156737,0.004904149,0.0025328582,0,0,0,0.0
0.0019604883,0.036784865,0.019372677,0,0,0,0.0
0.26668963,0.084332876,0.17551126,0,0,0,1.0
0.000108186985,0.3548991,0.17750365,0,0,0,0.0
0.0012877298,0.020266766,0.010777248,0,0,0,0.0
0.5135159,0.3813414,0.44742864,1,0,0,1.0
0.00022627531,0.0051202886,0.002673282,0,0,0,0.0
0.003788728,0.044286523,0.024037626,0,0,0,0.0
0.6029851,0.46601698,0.534501,1,0,1,0.0
0.0002592084,0.0053146705,0.0027869395,0,0,0,0.0
0.0008647339,0.043406878,0.022135805,0,0,0,0.0
0.383118,0.49988723,0.44150263,0,0,0,0.0
0.0001585473,0.0053664288,0.002762488,0,0,0,0.0
0.00019798665,0.043231316,0.021714652,0,0,0,0.0
0.0009899216,0.0031625107,0.002076216,0,0,0,0.0
0.24581172,0.033963256,0.13988748,0,0,0,0.0
9.730396e-05,0.09034312,0.04522021,0,0,0,0.0
0.000652181,0.14477985,0.07271601,0,0,0,0.0
0.36016077,0.49990568,0.4300332,0,0,0,0.0
0.00042105658,0.023471013,0.011946035,0,0,0,0.0
0.22925752,0.33619636,0.28272694,0,0,0,0.0
5.926221e-05,0.00531147,0.0026853662,0,0,0,0.0
0.00029183127,0.043925997,0.022108914,0,0,0,0.0
0.27251163,0.4597626,0.36613712,0,0,0,0.0
6.77074e-05,0.0054132217,0.0027404646,0,0,0,0.0
0.00036790982,0.045371365,0.022869637,0,0,0,0.0
0.62495506,0.48030317,0.5526291,1,0,1,1.0
0.0001671461,0.0053556277,0.002761387,0,0,0,0.0
0.0006611963,0.050284304,0.02547275,0,0,0,0.0
0.6290493,0.0033358315,0.31619257,1,0,0,1.0
0.00015459921,0.039418384,0.019786492,0,0,0,0.0
0.00012004784,0.109461576,0.054790813,0,0,0,0.0
0.0006404427,0.26962256,0.13513151,0,0,0,0.0
0.41520667,0.005347744,0.21027721,0,0,0,1.0
0.0003752654,0.05808913,0.029232198,0,0,0,0.0
0.266011,0.30291957,0.28446528,0,0,0,1.0
5.484229e-05,0.0043830085,0.0022189254,0,0,0,0.0
0.0003074513,0.040602516,0.020454984,0,0,0,0.0
0.23631038,0.39420664,0.3152585,0,0,0,1.0
5.49927e-05,0.004615308,0.0023351503,0,0,0,0.0
0.00026899527,0.043811698,0.022040347,0,0,0,0.0
0.14684772,0.0032241414,0.07503593,0,0,0,1.0
6.0736544e-05,0.03183742,0.015949078,0,0,0,0.0
0.06899591,0.06560431,0.06730011,0,0,0,1.0
4.7223653e-05,0.13672782,0.06838752,0,0,0,0.0
0.00055290246,0.42010167,0.21032728,0,0,0,0.0
5.550671e-05,0.01634695,0.008201228,0,0,0,0.0
0.00076753926,0.116883904,0.05882572,0,0,0,0.0
0.19690824,0.36696023,0.28193423,0,0,0,1.0
0.0011259399,0.015561885,0.008343913,0,0,0,0.0
0.44327378,0.25591293,0.34959334,0,0,0,1.0
0.000121363766,0.004376012,0.002248688,0,0,0,0.0
0.0009610206,0.038853686,0.019907353,0,0,0,0.0
0.4202423,0.41352633,0.4168843,0,0,0,1.0
0.00013128005,0.004639467,0.0023853737,0,0,0,0.0
0.0019981947,0.03661731,0.019307751,0,0,0,0.0
0.38542047,0.46841234,0.42691642,0,0,0,1.0
0.00017001176,0.004704113,0.0024370623,0,0,0,0.0
0.4694364,0.03724796,0.25334218,0,0,0,1.0
0.00010571144,0.47857413,0.23933992,0,0,0,0.0
0.0029409651,0.0048048683,0.0038729166,0,0,0,0.0
0.0038913684,0.037697352,0.02079436,0,0,0,0.0
0.525519,0.16499057,0.34525478,1,0,0,0.0
6.1340616e-05,0.004200857,0.0021310989,0,0,0,0.0
0.0010711214,0.040581133,0.020826127,0,0,0,0.0
0.26724255,0.25867194,0.26295725,0,0,0,1.0
7.3537674e-05,0.0038952702,0.001984404,0,0,0,0.0
0.0012980575,0.032947313,0.017122686,0,0,0,0.0
0.47300065,0.4210477,0.44702417,0,0,0,1.0
5.9107115e-05,0.004469988,0.0022645476,0,0,0,0.0
0.72564447,0.036140982,0.38089272,1,0,0,0.0
8.785977e-05,0.44043252,0.22026019,0,0,0,0.0
0.00092342653,0.0046458794,0.0027846529,0,0,0,0.0
0.00012080344,0.036786154,0.018453479,0,0,0,0.0
0.00066434505,0.40592045,0.2032924,0,0,0,0.0
0.54963577,0.0046810247,0.2771584,1,0,0,0.0
7.143236e-05,0.03600257,0.018037,0,0,0,0.0
0.00072818744,0.16904041,0.0848843,0,0,0,0.0
0.3789338,0.0041810386,0.1915574,0,0,0,0.0
0.0006475519,0.0376138,0.019130677,0,0,0,0.0
0.3506473,0.2191344,0.28489086,0,0,0,0.0
4.5372504e-05,0.0039257086,0.0019855406,0,0,0,0.0
0.00035803724,0.03435409,0.017356064,0,0,0,0.0
0.09891704,0.37842306,0.23867005,0,0,0,0.0
4.385578e-05,0.0045631425,0.0023034993,0,0,0,0.0
0.0004804882,0.040801372,0.02064093,0,0,0,0.0
0.18287556,0.440626,0.31175077,0,0,0,0.0
0.000109298475,0.004995232,0.0025522653,0,0,0,0.0
0.00094084843,0.04181688,0.021378864,0,0,0,0.0
0.34694362,0.19971447,0.27332905,0,0,0,1.0
0.0001291643,0.004407114,0.002268139,0,0,0,0.0
0.0016155129,0.044142745,0.02287913,0,0,0,0.0
0.16410258,0.25371355,0.20890807,0,0,0,1.0
8.4146515e-05,0.0039241784,0.0020041624,0,0,0,0.0
0.00046603152,0.034566913,0.017516471,0,0,0,0.0
0.21981923,0.404493,0.3121561,0,0,0,1.0
9.185864e-05,0.0040971925,0.0020945256,0,0,0,0.0
0.00035286794,0.037210267,0.018781567,0,0,0,0.0
0.10287248,0.3776664,0.24026945,0,0,0,1.0
6.3441614e-05,0.004460549,0.0022619953,0,0,0,0.0
0.0002369938,0.0406236,0.020430299,0,0,0,0.0
0.115319274,0.11134331,0.11333129,0,0,0,1.0
4.8341957e-05,0.43532097,0.21768466,0,0,0,0.0
0.00038066923,0.013159633,0.0067701507,0,0,0,0.0
0.101443045,0.0944904,0.09796672,0,0,0,1.0
4.661968e-05,0.37085834,0.18545248,0,0,0,0.0
0.00036043368,0.009356433,0.0048584333,0,0,0,0.0
0.08715722,0.07498942,0.08107332,0,0,0,1.0
6.566997e-05,0.31295764,0.15651166,0,0,0,0.0
0.0004493887,0.00918926,0.0048193242,0,0,0,0.0
0.15147598,0.0025552257,0.0770156,0,0,0,1.0
6.706577e-05,0.03045624,0.015261653,0,0,0,0.0
0.0016494289,0.03966605,0.020657739,0,0,0,0.0
0.15744203,0.23932026,0.19838116,0,0,0,1.0
9.5365525e-05,0.0036944938,0.0018949297,0,0,0,0.0
0.0022112927,0.034587637,0.018399464,0,0,0,0.0
0.17325558,0.2710238,0.22213969,0,0,0,1.0
7.5501935e-05,0.003927003,0.0020012525,0,0,0,0.0
0.004187232,0.035667162,0.019927196,0,0,0,0.0
0.2998554,0.29289234,0.29637387,0,0,0,1.0
6.754824e-05,0.004261574,0.002164561,0,0,0,0.0
0.0024651943,0.035288606,0.0188769,0,0,0,0.0
0.38697433,0.089066476,0.2380204,0,0,0,1.0
0.00016690532,0.378479,0.18932295,0,0,0,0.0
0.0044644875,0.009660938,0.0070627127,0,0,0,0.0
0.7802639,0.10184364,0.44105378,1,0,0,1.0
0.0002105929,0.0039322884,0.0020714407,0,0,0,0.0
0.004953894,0.030870074,0.017911984,0,0,0,0.0
0.8087363,0.18559496,0.49716565,1,0,0,1.0
0.0004908981,0.004290497,0.0023906976,0,0,0,0.0
0.0004760614,0.031883832,0.016179947,0,0,0,0.0
0.008982814,0.1769895,0.09298615,0,0,0,0.0
0.7888363,0.00441487,0.39662558,1,0,0,0.0
0.0002941175,0.030917328,0.015605723,0,0,0,0.0
0.0026967071,0.0027994958,0.0027481015,0,0,0,0.0
0.78403175,0.024168696,0.4041002,1,0,0,0.0
0.000316139,0.03858709,0.019451614,0,0,0,0.0
0.0034149075,0.07996832,0.041691612,0,0,0,0.0
0.66192025,0.21455227,0.43823627,1,0,0,0.0
0.7898502,0.009211105,0.39953065,1,0,0,1.0
0.0003722956,0.055494677,0.027933486,0,0,0,0.0
0.0055692857,0.0039797914,0.004774539,0,0,0,0.0
0.0040325774,0.027919352,0.015975965,0,0,0,0.0
0.71938324,0.08595898,0.4026711,1,0,0,0.0
0.00028250288,0.004053441,0.0021679718,0,0,0,0.0
0.001489884,0.028683143,0.015086513,0,0,0,0.0
0.63658303,0.091634,0.3641085,1,0,0,1.0
0.0002533969,0.0040331534,0.0021432752,0,0,0,0.0
0.001440318,0.028750379,0.0150953485,0,0,0,0.0
0.5148466,0.0027443275,0.25879547,1,0,0,1.0
0.00010221258,0.021542316,0.0108222645,0,0,0,0.0
8.837882e-05,0.027933236,0.0140108075,0,0,0,0.0
0.0013001312,0.05732517,0.02931265,0,0,0,0.0
0.23760372,0.0034006725,0.120502196,0,0,0,1.0
0.0008899719,0.028259248,0.01457461,0,0,0,0.0
0.21304046,0.050621364,0.13183092,0,0,0,1.0
7.369865e-05,0.0029317222,0.0015027104,0,0,0,0.0
0.00061696983,0.023071928,0.011844449,0,0,0,0.0
0.14185585,0.07490358,0.108379714,0,0,0,1.0
5.0267776e-05,0.0030825417,0.0015664047,0,0,0,0.0
0.00037902722,0.024949826,0.012664427,0,0,0,0.0
0.09735343,0.0023931332,0.04987328,0,0,0,1.0
0.0001301977,0.02346791,0.011799053,0,0,0,0.0
0.05680801,0.02179876,0.039303385,0,0,0,1.0
9.4614436e-05,0.053815674,0.026955144,0,0,0,0.0
0.00092035613,0.0883828,0.04465158,0,0,0,0.0
0.000113041475,0.005125718,0.00261938,0,0,0,0.0
0.000883072,0.03449741,0.017690241,0,0,0,0.0
0.059728384,0.06611827,0.06292333,0,0,0,1.0
0.0009898396,0.004439784,0.0027148118,0,0,0,0.0
0.05783742,0.031782754,0.044810086,0,0,0,1.0
9.7765274e-05,0.0026404723,0.0013691188,0,0,0,0.0
0.00082613755,0.022393549,0.011609843,0,0,0,0.0
0.062324602,0.07019271,0.066258654,0,0,0,0.0
5.355421e-05,0.0029111032,0.0014823287,0,0,0,0.0
0.00053125387,0.02339286,0.011962057,0,0,0,0.0
0.026664477,0.091160804,0.058912642,0,0,0,1.0
3.731733e-05,0.0030882177,0.0015627675,0,0,0,0.0
0.057631582,0.025582375,0.041606978,0,0,0,0.0
5.371968e-05,0.118789,0.05942136,0,0,0,0.0
0.001001627,0.0033175298,0.0021595783,0,0,0,0.0
0.00075953454,0.02770701,0.0142332725,0,0,0,0.0
0.09335008,0.06367093,0.07851051,0,0,0,0.0
5.191631e-05,0.0030987465,0.0015753314,0,0,0,0.0
0.0010766044,0.034163747,0.017620176,0,0,0,0.0
0.24414605,0.08559902,0.16487253,0,0,0,0.0
7.73346e-05,0.0032107942,0.0016440644,0,0,0,0.0
0.0015321225,0.026629673,0.014080898,0,0,0,0.0
0.090424016,0.12362829,0.10702615,0,0,0,0.0
9.992984e-05,0.0036105732,0.0018552515,0,0,0,0.0
0.12271022,0.029400269,0.07605524,0,0,0,0.0
9.5042065e-05,0.13178807,0.06594156,0,0,0,0.0
0.0022175163,0.003841551,0.0030295337,0,0,0,0.0
8.486241e-05,0.03084865,0.015466756,0,0,0,0.0
0.0010389196,0.12070792,0.06087342,0,0,0,0.0
0.14603987,0.0037455363,0.07489271,0,0,0,1.0
0.00014614422,0.028009746,0.014077946,0,0,0,0.0
0.0011142896,0.0768955,0.039004892,0,0,0,0.0
0.07373868,0.0034981102,0.038618393,0,0,0,0.0
0.0006225835,0.029281346,0.014951965,0,0,0,0.0
0.11962893,0.07035507,0.094992,0,0,0,0.0
7.580039e-05,0.0034039107,0.0017398555,0,0,0,0.0
0.0010835831,0.02515601,0.013119796,0,0,0,0.0
0.27700004,0.070226625,0.17361334,0,0,0,0.0
0.00018984808,0.0035686872,0.0018792676,0,0,0,0.0
0.0008324819,0.02729245,0.014062466,0,0,0,0.0
0.34820396,0.07385191,0.21102794,0,0,0,0.0
0.00020755868,0.0037821417,0.00199485,0,0,0,0.0
0.0007104361,0.029034743,0.014872589,0,0,0,0.0
0.13699973,0.057344873,0.0971723,0,0,0,1.0
0.00013536774,0.0035867146,0.0018610412,0,0,0,0.0
0.0005688179,0.029140016,0.014854417,0,0,0,0.0
0.07305481,0.049948104,0.06150146,0,0,0,1.0
8.71953e-05,0.0033784593,0.0017328273,0,0,0,0.0
0.00054723065,0.02456058,0.012553905,0,0,0,0.0
0.18762597,0.06307526,0.12535062,0,0,0,1.0
0.00010341859,0.0034881912,0.0017958048,0,0,0,0.0
0.0005551677,0.026223335,0.013389251,0,0,0,0.0
0.2224857,0.059263103,0.1408744,0,0,0,1.0
0.00015090604,0.0033766825,0.0017637943,0,0,0,0.0
0.0005888293,0.02758553,0.01408718,0,0,0,0.0
0.26596892,0.05884555,0.16240723,0,0,0,1.0
0.00017640722,0.13326758,0.06672199,0,0,0,0.0
0.0017875698,0.0048281704,0.0033078701,0,0,0,0.0
0.3210899,0.03572424,0.17840707,0,0,0,1.0
9.356246e-05,0.0820816,0.041087583,0,0,0,0.0
0.0009243715,0.0040013897,0.0024628807,0,0,0,0.0
0.2845456,0.031780668,0.15816313,0,0,0,0.0
0.00016290019,0.06720707,0.033684984,0,0,0,0.0
0.0021901932,0.004095144,0.0031426686,0,0,0,0.0
0.38278013,0.044705823,0.21374297,0,0,0,0.0
0.00013091914,0.0027925624,0.0014617407,0,0,0,0.0
0.0032728317,0.024181705,0.013727268,0,0,0,0.0
0.27509278,0.1741707,0.22463174,0,0,0,0.0
0.000101278274,0.0034648732,0.0017830757,0,0,0,0.0
0.0015978995,0.027873665,0.0147357825,0,0,0,0.0
0.1745158,0.29592392,0.23521987,0,0,0,0.0
9.306425e-05,0.0040046046,0.0020488345,0,0,0,0.0
0.00078459043,0.031758692,0.016271641,0,0,0,0.0
0.19852734,0.36053798,0.27953267,0,0,0,0.0
7.609551e-05,0.004322953,0.0021995243,0,0,0,0.0
0.00055812503,0.03424769,0.017402908,0,0,0,0.0
0.22448611,0.13090931,0.17769772,0,0,0,0.0
7.822866e-05,0.0038695987,0.0019739137,0,0,0,0.0
0.0006126988,0.05234788,0.02648029,0,0,0,0.0
0.14620744,0.2357901,0.19099876,0,0,0,1.0
3.8003855e-05,0.0038788088,0.0019584063,0,0,0,0.0
0.0011549762,0.03131128,0.01623313,0,0,0,0.0
0.23705204,0.26938307,0.25321755,0,0,0,1.0
0.00016088694,0.0040133493,0.002087118,0,0,0,0.0
0.00013560352,0.033249523,0.016692564,0,0,0,0.0
0.0022168295,0.24354413,0.12288048,0,0,0,0.0
0.36528388,0.0040546632,0.18466927,0,0,0,1.0
0.00016399958,0.033864316,0.017014157,0,0,0,0.0
0.0016666983,0.24392791,0.1227973,0,0,0,0.0
0.32013887,0.0040356466,0.16208726,0,0,0,1.0
0.000113639035,0.033509344,0.016811492,0,0,0,0.0
0.0007084021,0.15917344,0.07994092,0,0,0,0.0
0.23554009,0.0037168742,0.11962848,0,0,0,1.0
0.00075748534,0.034987506,0.017872496,0,0,0,0.0
0.2818797,0.20033367,0.24110669,0,0,0,1.0
6.8456546e-05,0.003905133,0.0019867949,0,0,0,0.0
0.0005349564,0.034592003,0.017563479,0,0,0,0.0
0.30119216,0.21352796,0.25736007,0,0,0,1.0
6.995631e-05,0.0038848675,0.001977412,0,0,0,0.0
0.00053797587,0.033454675,0.016996326,0,0,0,0.0
0.26281744,0.21180925,0.23731335,0,0,0,1.0
4.6684592e-05,0.0038438237,0.0019452542,0,0,0,0.0
0.0006428086,0.033716016,0.017179413,0,0,0,0.0
0.13556984,0.20124985,0.16840985,0,0,0,1.0
6.206038e-05,0.0038054306,0.0019337455,0,0,0,0.0
0.00085095485,0.033752237,0.017301595,0,0,0,0.0
0.20803614,0.11368984,0.16086298,0,0,0,1.0
9.428659e-05,0.003453494,0.0017738903,0,0,0,0.0
0.0012035571,0.035838265,0.01852091,0,0,0,0.0
0.3761311,0.13766316,0.25689712,0,0,0,1.0
0.00011673508,0.0033632366,0.0017399858,0,0,0,0.0
0.0012025498,0.031147247,0.016174898,0,0,0,0.0
0.4426415,0.2557603,0.3492009,0,0,0,0.0
0.00012604489,0.003431881,0.001778963,0,0,0,0.0
0.0013097435,0.03005526,0.015682502,0,0,0,0.0
0.33190346,0.270131,0.30101722,0,0,0,0.0
8.8910514e-05,0.0034447073,0.0017668089,0,0,0,0.0
0.00076298433,0.02881961,0.014791297,0,0,0,0.0
0.18071723,0.2792582,0.22998771,0,0,0,0.0
6.7992994e-05,0.003600745,0.001834369,0,0,0,0.0
0.0007149125,0.029616784,0.015165849,0,0,0,0.0
0.19904423,0.0023956355,0.10071993,0,0,0,0.0
5.6645968e-05,0.0348315,0.017444074,0,0,0,0.0
0.001623968,0.045872632,0.023748301,0,0,0,0.0
0.23481768,0.31760553,0.27621162,0,0,0,1.0
0.0001346236,0.0040838844,0.002109254,0,0,0,0.0
0.001448545,0.033277903,0.017363224,0,0,0,0.0
0.48789245,0.32741806,0.40765524,0,0,0,1.0
0.00018232017,0.0043038805,0.0022431004,0,0,0,0.0
0.001622991,0.033974692,0.017798841,0,0,0,0.0
0.2476789,0.3599605,0.30381972,0,0,0,0.0
0.000103485974,0.0044668172,0.0022851515,0,0,0,0.0
0.00087331526,0.035009578,0.017941447,0,0,0,0.0
0.31209096,0.08430787,0.19819942,0,0,0,0.0
0.00020205758,0.3764455,0.18832378,0,0,0,0.0
0.00069533085,0.009256872,0.0049761017,0,0,0,0.0
0.20962486,0.10452848,0.15707667,0,0,0,0.0
7.399808e-05,0.0038162956,0.0019451468,0,0,0,0.0
0.00062091067,0.03109582,0.015858365,0,0,0,0.0
0.11568278,0.17693289,0.14630783,0,0,0,0.0
6.456129e-05,0.004084998,0.0020747795,0,0,0,0.0
0.000471979,0.03209128,0.016281629,0,0,0,0.0
0.058510702,0.20667455,0.13259262,0,0,0,0.0
4.926205e-05,0.004247853,0.0021485575,0,0,0,0.0
0.0004891812,0.035381503,0.017935343,0,0,0,0.0
0.2543113,0.0027908816,0.12855108,0,0,0,1.0
6.1713064e-05,0.030248154,0.015154934,0,0,0,0.0
0.0008359242,0.06467493,0.032755427,0,0,0,0.0
0.36160874,0.0031965505,0.18240264,0,0,0,1.0
0.00011165745,0.035093404,0.017602531,0,0,0,0.0
0.5198496,0.060139224,0.28999442,1,0,0,0.0
8.709334e-05,0.15729877,0.078692935,0,0,0,0.0
0.0014064533,0.004541453,0.0029739533,0,0,0,0.0
0.00098626,0.035897635,0.018441947,0,0,0,0.0
0.6323412,0.13643935,0.3843903,1,0,0,0.0
7.9742254e-05,0.003988045,0.0020338935,0,0,0,0.0
0.0005573077,0.032278724,0.016418016,0,0,0,0.0
0.535233,0.14210637,0.3386697,1,0,0,0.0
4.97088e-05,0.14832877,0.07418924,0,0,0,0.0
0.000386619,0.30415064,0.15226863,0,0,0,0.0
0.54925436,0.009031598,0.27914298,1,0,0,0.0
4.1381663e-05,0.055198032,0.027619706,0,0,0,0.0
3.9519622e-05,0.0033731381,0.0017063288,0,0,0,0.0
0.00040668822,0.04243111,0.0214189,0,0,0,0.0
0.5443592,0.05872814,0.30154368,1,0,0,1.0
0.00080748094,0.22899655,0.11490201,0,0,0,0.0
0.29873538,0.004249041,0.15149221,0,0,0,1.0
5.6822722e-05,0.036665108,0.018360965,0,0,0,0.0
0.0005828822,0.0026684352,0.0016256587,0,0,0,0.0
0.24445556,0.040497206,0.14247638,0,0,0,1.0
5.7383e-05,0.051038243,0.025547814,0,0,0,0.0
0.0005405727,0.110323384,0.055431977,0,0,0,0.0
0.15701504,0.274484,0.21574953,0,0,0,0.0
3.68687e-05,0.0075568734,0.003796871,0,0,0,0.0
0.17165402,0.056929387,0.1142917,0,0,0,0.0
3.2412467e-05,0.17076695,0.08539968,0,0,0,0.0
0.0003610606,0.0060331076,0.0031970842,0,0,0,0.0
0.43228298,0.045471597,0.2388773,0,0,0,0.0
0.00010425507,0.1532511,0.07667767,0,0,0,0.0
0.0013761374,0.006303716,0.0038399268,0,0,0,0.0
0.0007832962,0.002183962,0.001483629,0,0,0,0.0
0.4311436,0.029867668,0.23050565,0,0,0,1.0
9.067728e-05,0.031758122,0.0159244,0,0,0,0.0
0.0008004817,0.13475898,0.06777973,0,0,0,0.0
0.31372938,0.0033661756,0.15854777,0,0,0,1.0
4.951407e-05,0.03038692,0.015218217,0,0,0,0.0
0.00043981313,0.3106806,0.15556021,0,0,0,0.0
5.7270605e-05,0.003592742,0.0018250062,0,0,0,0.0
0.0006773262,0.031189559,0.015933443,0,0,0,0.0
0.3789052,0.37771094,0.37830806,0,0,0,1.0
0.00010795666,0.00377607,0.0019420133,0,0,0,0.0
0.2780285,0.0302384,0.15413344,0,0,0,1.0
9.653521e-05,0.31368566,0.1568911,0,0,0,0.0
0.0010984798,0.0036901927,0.0023943363,0,0,0,0.0
0.0005691146,0.02967261,0.015120862,0,0,0,0.0
0.7710282,0.10803964,0.43953392,1,0,0,1.0
0.00023145127,0.0032439658,0.0017377086,0,0,0,0.0
0.37181866,0.034048058,0.20293336,0,0,0,1.0
7.2971634e-05,0.14733191,0.07370244,0,0,0,0.0
0.00062808447,0.003164673,0.0018963787,0,0,0,0.0
9.444676e-05,0.028197752,0.0141461,0,0,0,0.0
0.000886929,0.24028116,0.12058405,0,0,0,0.0
0.4433091,0.0035095618,0.22340932,0,0,0,1.0
0.00016754025,0.030193504,0.015180522,0,0,0,0.0
0.0021444876,0.21000671,0.1060756,0,0,0,0.0
0.35670874,0.0037104737,0.1802096,0,0,0,1.0
0.00016018082,0.032240372,0.016200276,0,0,0,0.0
0.0034740549,0.21347995,0.108477004,0,0,0,0.0
0.45542145,0.0038716707,0.22964656,0,0,0,1.0
0.6328593,0.0337409,0.33330008,1,0,0,0.0
0.00019260032,0.06399702,0.03209481,0,0,0,0.0
0.0015082512,0.0032441127,0.002376182,0,0,0,0.0
0.00104967,0.041013982,0.021031827,0,0,0,0.0
0.20294873,0.08976024,0.14635448,0,0,0,0.0
7.100674e-05,0.003239992,0.0016554995,0,0,0,0.0
0.0006470861,0.030076021,0.015361554,0,0,0,0.0
0.5172913,0.14098293,0.32913712,1,0,0,0.0
0.000110000685,0.0034787166,0.0017943586,0,0,0,0.0
0.00049037405,0.031774156,0.016132265,0,0,0,0.0
0.3498701,0.21354313,0.2817066,0,0,0,0.0
0.00012243209,0.003808103,0.0019652676,0,0,0,0.0
0.0010870746,0.03376223,0.017424652,0,0,0,0.0
0.4127366,0.22829697,0.32051677,0,0,0,0.0
9.1763206e-05,0.0038889777,0.0019903705,0,0,0,0.0
0.00067581964,0.03408079,0.017378304,0,0,0,0.0
0.34447488,0.06432826,0.20440157,0,0,0,1.0
6.637119e-05,0.003143571,0.0016049711,0,0,0,0.0
0.0010830768,0.041139208,0.021111142,0,0,0,0.0
0.41668594,0.15531465,0.2860003,0,0,0,1.0
0.00017392398,0.0035776056,0.0018757648,0,0,0,0.0
0.003682186,0.03275231,0.018217247,0,0,0,0.0
0.48641872,0.22441696,0.35541785,0,0,0,0.0
0.00019703936,0.0039280513,0.0020625454,0,0,0,0.0
0.006320354,0.03274481,0.019532582,0,0,0,0.0
0.8534614,0.25701904,0.5552402,1,0,1,1.0
0.00044612226,0.004044557,0.0022453396,0,0,0,0.0
0.0053046844,0.031066021,0.018185353,0,0,0,0.0
0.8761804,0.2395543,0.55786735,1,0,1,1.0
0.0005624764,0.0039991364,0.0022808064,0,0,0,0.0
0.0053373137,0.029738078,0.017537696,0,0,0,0.0
0.9199004,0.002563106,0.46123177,1,0,0,0.0
0.0006643843,0.024853587,0.012758986,0,0,0,0.0
0.0028163546,0.040855277,0.021835815,0,0,0,0.0
0.7374434,0.20343177,0.4704376,1,0,0,1.0
0.00075568963,0.004222549,0.0024891193,0,0,0,0.0
0.0055390582,0.03136366,0.01845136,0,0,0,0.0
0.884755,0.23619527,0.5604751,1,0,1,1.0
0.0009490891,0.004229141,0.002589115,0,0,0,0.0
0.0063577243,0.031717606,0.019037666,0,0,0,0.0
0.8279594,0.19394253,0.510951,1,0,1,1.0
0.0010113034,0.0041981232,0.0026047132,0,0,0,0.0
0.0037405787,0.03170768,0.01772413,0,0,0,0.0
0.8938403,0.18691596,0.54037815,1,0,1,1.0
0.00034867207,0.0042790775,0.002313875,0,0,0,0.0
0.0042568054,0.03300889,0.018632848,0,0,0,0.0
0.87083244,0.088778816,0.47980562,1,0,0,1.0
0.00049346575,0.003708648,0.002101057,0,0,0,0.0
0.0042673773,0.036904328,0.020585852,0,0,0,0.0
0.90066177,0.13747677,0.51906925,1,0,1,0.0
0.0005644017,0.0036658205,0.002115111,0,0,0,0.0
0.001388602,0.029555902,0.015472252,0,0,0,0.0
0.5744635,0.14718592,0.3608247,1,0,0,0.0
0.00026002995,0.0038553602,0.002057695,0,0,0,0.0
0.002419401,0.031670704,0.017045053,0,0,0,0.0
0.6401451,0.1576991,0.39892212,1,0,0,0.0
0.00033466346,0.003999837,0.0021672503,0,0,0,0.0
0.0010775857,0.032675657,0.016876621,0,0,0,0.0
0.39478874,0.17440748,0.2845981,0,0,0,0.0
0.0002406665,0.0040152674,0.0021279668,0,0,0,0.0
0.351883,0.032477047,0.19218002,0,0,0,0.0
0.00016671365,0.0028320048,0.0014993593,0,0,0,0.0
0.001291297,0.0293874,0.015339348,0,0,0,0.0
0.00089995394,0.047713473,0.024306715,0,0,0,0.0
0.41363227,0.216805,0.31521863,0,0,0,0.0
0.00022331775,0.0040765,0.0021499088,0,0,0,0.0
0.00045001242,0.03594973,0.01819987,0,0,0,0.0
0.15837738,0.25192475,0.20515107,0,0,0,0.0
8.668858e-05,0.0040733307,0.0020800096,0,0,0,0.0
0.0005430715,0.035531726,0.0180374,0,0,0,0.0
0.14612684,0.28460047,0.21536365,0,0,0,0.0
0.00010950545,0.0041462313,0.0021278684,0,0,0,0.0
0.0010232159,0.03692115,0.018972183,0,0,0,0.0
0.25608447,0.0029151514,0.12949981,0,0,0,0.0
0.00018005975,0.03218007,0.016180065,0,0,0,0.0
0.0017433023,0.059936397,0.03083985,0,0,0,0.0
0.7029521,0.3173175,0.5101348,1,0,1,0.0
0.0008135205,0.0043143923,0.0025639564,0,0,0,0.0
0.0067373235,0.039669942,0.023203634,0,0,0,0.0
0.460656,0.29253858,0.3765973,0,0,0,0.0
0.00021205128,0.0040091965,0.002110624,0,0,0,0.0
0.0025264374,0.0375054,0.020015918,0,0,0,0.0
0.5922345,0.11377703,0.35300577,1,0,0,0.0
0.0006674105,0.0058850013,0.0032762059,0,0,0,0.0
0.0045828437,0.08213923,0.043361038,0,0,0,0.0
0.46734145,0.11957984,0.29346064,0,0,0,0.0
0.0016656091,0.0059520174,0.0038088132,0,0,0,0.0
0.011620314,0.08333987,0.04748009,0,0,0,0.0
0.14061,0.13543907,0.13802454,0,0,0,0.0
0.00047549838,0.003795882,0.0021356903,0,0,0,0.0
0.17094316,0.041296728,0.106119946,0,0,0,0.0
0.00058331905,0.18147665,0.09102999,0,0,0,0.0
0.0043512704,0.0034049964,0.0038781334,0,0,0,0.0
0.0040182318,0.03298282,0.018500526,0,0,0,0.0
0.2282119,0.27432573,0.2512688,0,0,0,0.0
0.0005519576,0.0033870393,0.0019694983,0,0,0,0.0
0.003055229,0.03422691,0.01864107,0,0,0,0.0
0.3198548,0.26903117,0.29444298,0,0,0,1.0
0.00060951,0.00361751,0.00211351,0,0,0,0.0
0.0022053125,0.03533274,0.018769026,0,0,0,0.0
0.47418255,0.268722,0.37145227,0,0,0,1.0
0.00073351554,0.0038002064,0.002266861,0,0,0,0.0
0.35537228,0.03585239,0.19561234,0,0,0,1.0
0.00061815407,0.1260611,0.06333963,0,0,0,0.0
0.0018181466,0.0036667646,0.0027424556,0,0,0,0.0
0.0008907723,0.034402635,0.017646704,0,0,0,0.0
0.17343523,0.12909615,0.15126568,0,0,0,1.0
0.00026728347,0.003376519,0.0018219013,0,0,0,0.0
0.0011143045,0.032133028,0.016623667,0,0,0,0.0
0.20817792,0.2526932,0.23043557,0,0,0,1.0
0.0003131426,0.003923297,0.0021182199,0,0,0,0.0
0.0017052419,0.03661776,0.0191615,0,0,0,0.0
0.2164888,0.27941552,0.24795216,0,0,0,1.0
0.0002288442,0.004538455,0.0023836496,0,0,0,0.0
0.0018101481,0.047925007,0.024867577,0,0,0,0.0
0.2227953,0.32640892,0.27460212,0,0,0,1.0
0.00024855763,0.0052657383,0.002757148,0,0,0,0.0
0.0022901935,0.05358232,0.027936257,0,0,0,0.0
0.350246,0.0036180634,0.17693204,0,0,0,1.0
0.00029874468,0.03910442,0.019701583,0,0,0,0.0
0.0015495599,0.043362074,0.022455817,0,0,0,0.0
0.4510958,0.21733917,0.3342175,0,0,0,1.0
0.00055472046,0.0046935244,0.0026241224,0,0,0,0.0
0.0033219603,0.04960029,0.026461124,0,0,0,0.0
0.4657173,0.28298926,0.3743533,0,0,0,0.0
0.0003356572,0.004896892,0.0026162744,0,0,0,0.0
0.0017444695,0.04941665,0.025580559,0,0,0,0.0
0.23265758,0.31892186,0.27578974,0,0,0,0.0
0.00021819088,0.0053285626,0.0027733766,0,0,0,0.0
0.001800709,0.04985578,0.025828244,0,0,0,0.0
0.19369303,0.10004907,0.14687105,0,0,0,0.0
0.00016123494,0.0042510247,0.0022061297,0,0,0,0.0
0.001701337,0.049927987,0.025814662,0,0,0,0.0
0.2076178,0.15134527,0.17948154,0,0,0,0.0
0.00014162605,0.004735506,0.0024385662,0,0,0,0.0
0.0018656062,0.047520436,0.024693022,0,0,0,0.0
0.40642068,0.04595554,0.22618811,0,0,0,0.0
0.00013368884,0.0151639115,0.0076488,0,0,0,0.0
0.0023405144,0.050033234,0.026186874,0,0,0,0.0
0.30015555,0.0598381,0.17999682,0,0,0,0.0
0.00014267571,0.037528638,0.018835656,0,0,0,0.0
0.0048390264,0.095516495,0.05017776,0,0,0,0.0
0.8967297,0.15114543,0.5239376,1,0,1,0.0
0.00035306934,0.18059342,0.09047324,0,0,0,0.0
0.0062272176,0.12544017,0.06583369,0,0,0,0.0
0.8942688,0.19441032,0.54433954,1,0,1,0.0
0.00050922396,0.22224651,0.111377865,0,0,0,0.0
0.84089357,0.15225433,0.49657395,1,0,0,0.0
0.0005849863,0.1981791,0.09938204,0,0,0,0.0
0.004645399,0.14320971,0.07392755,0,0,0,0.0
0.0020399932,0.20643681,0.104238406,0,0,0,0.0
0.89539593,0.23706818,0.5662321,1,0,1,0.0
0.00059396005,0.16922231,0.084908135,0,0,0,0.0
0.0022917348,0.22564042,0.11396608,0,0,0,0.0
0.541429,0.25636786,0.39889842,1,0,0,1.0
0.00023833553,0.19099398,0.095616154,0,0,0,0.0
0.00232243,0.24307124,0.12269684,0,0,0,0.0
0.623125,0.26943007,0.44627756,1,0,0,1.0
0.0005960228,0.20254202,0.10156902,0,0,0,0.0
0.0036148212,0.25033367,0.12697424,0,0,0,0.0
0.812802,0.27352867,0.5431653,1,0,1,1.0
0.0006860318,0.19836184,0.09952394,0,0,0,0.0
0.0031608138,0.25075734,0.12695907,0,0,0,0.0
0.43414882,0.2685817,0.35136527,0,0,0,0.0
0.00029240415,0.20592749,0.10310995,0,0,0,0.0
0.0014352239,0.24505447,0.123244844,0,0,0,0.0
0.36944866,0.26501226,0.31723046,0,0,0,1.0
0.00051511347,0.18741322,0.09396417,0,0,0,0.0
0.0016940378,0.24194443,0.121819235,0,0,0,0.0
0.32944417,0.25946784,0.294456,0,0,0,0.0
0.00025263388,0.19184971,0.09605117,0,0,0,0.0
0.00015041688,0.2405372,0.120343804,0,0,0,0.0
0.0012620125,0.2534607,0.12736136,0,0,0,0.0
0.21884362,0.17916916,0.1990064,0,0,0,0.0
0.00022799308,0.23289768,0.116562836,0,0,0,0.0
0.0014687001,0.15974766,0.08060818,0,0,0,0.0
0.18003221,0.21980803,0.19992012,0,0,0,0.0
0.0009855847,0.23163877,0.116312176,0,0,0,0.0
0.18960243,0.24131946,0.21546096,0,0,0,1.0
0.00018295093,0.16587596,0.08302946,0,0,0,0.0
0.0010402175,0.21711572,0.10907797,0,0,0,0.0
0.10284216,0.23218788,0.16751502,0,0,0,1.0
0.00018880502,0.16139527,0.08079203,0,0,0,0.0
0.0013649545,0.21039681,0.10588089,0,0,0,0.0
0.11458011,0.22961764,0.17209888,0,0,0,1.0
0.00024703942,0.15781926,0.07903315,0,0,0,0.0
0.0017238205,0.2106043,0.10616406,0,0,0,0.0
0.08157135,0.14117678,0.111374065,0,0,0,1.0
0.00023513673,0.19322067,0.09672791,0,0,0,0.0
0.0030341202,0.20807928,0.1055567,0,0,0,0.0
0.103411414,0.22689672,0.16515407,0,0,0,1.0
0.0001676155,0.15701231,0.07858996,0,0,0,0.0
0.0024210003,0.2084537,0.10543735,0,0,0,0.0
0.07100565,0.22868316,0.14984441,0,0,0,1.0
0.00013544998,0.15221654,0.076175995,0,0,0,0.0
0.0018466112,0.20114559,0.1014961,0,0,0,0.0
0.15724255,0.22022822,0.1887354,0,0,0,1.0
0.00014154652,0.17256439,0.08635297,0,0,0,0.0
0.0023017554,0.2096717,0.10598673,0,0,0,0.0
0.41014335,0.22663696,0.31839016,0,0,0,1.0
0.00032252105,0.171699,0.08601076,0,0,0,0.0
0.0010846556,0.20759767,0.104341164,0,0,0,0.0
0.16890788,0.22385284,0.19638036,0,0,0,1.0
0.00024845504,0.16820523,0.08422685,0,0,0,0.0
0.17398232,0.20642678,0.19020456,0,0,0,1.0
0.00019598969,0.22487131,0.11253365,0,0,0,0.0
0.0009504175,0.13980487,0.07037764,0,0,0,0.0
0.001247549,0.19326021,0.09725388,0,0,0,0.0
0.036819693,0.22027765,0.12854867,0,0,0,1.0
0.00015009924,0.13557805,0.067864075,0,0,0,0.0
0.0003945288,0.19145095,0.09592274,0,0,0,0.0
0.06816955,0.21749718,0.14283337,0,0,0,0.0
0.00014127523,0.13264097,0.066391125,0,0,0,0.0
0.00060020795,0.18745944,0.09402982,0,0,0,0.0
0.1531517,0.2139702,0.18356095,0,0,0,1.0
0.0002476946,0.13189907,0.06607339,0,0,0,0.0
0.07110358,0.18649371,0.12879865,0,0,0,1.0
0.00021046645,0.21546142,0.10783594,0,0,0,0.0
0.00052371377,0.13128677,0.06590524,0,0,0,0.0
0.0005050725,0.18540655,0.09295581,0,0,0,0.0
0.10124183,0.114282414,0.10776212,0,0,0,1.0
5.5193654e-05,0.16817938,0.084117286,0,0,0,0.0
0.00033377577,0.18535836,0.092846066,0,0,0,0.0
0.1987811,0.21030952,0.20454532,0,0,0,1.0
3.6734178e-05,0.13147737,0.06575705,0,0,0,0.0
0.0004412523,0.18302488,0.09173307,0,0,0,0.0
0.22655836,0.2046434,0.21560088,0,0,0,1.0
7.1615636e-05,0.12680346,0.06343754,0,0,0,0.0
0.0003791698,0.17555638,0.087967776,0,0,0,0.0
0.12834187,0.20436111,0.1663515,0,0,0,1.0
5.3789394e-05,0.12905073,0.06455226,0,0,0,0.0
0.00042516337,0.18119518,0.09081017,0,0,0,0.0
0.2242338,0.17402726,0.19913054,0,0,0,1.0
6.89873e-05,0.21017675,0.10512287,0,0,0,0.0
0.00039923633,0.19387701,0.09713812,0,0,0,0.0
0.11699151,0.13293818,0.12496485,0,0,0,0.0
5.736631e-05,0.17684558,0.088451475,0,0,0,0.0
0.0004692497,0.11424747,0.05735836,0,0,0,0.0
0.13853085,0.16408563,0.15130824,0,0,0,0.0
5.6323854e-05,0.19846052,0.09925842,0,0,0,0.0
0.00038753747,0.12029184,0.060339686,0,0,0,0.0
0.102116644,0.17188755,0.1370021,0,0,0,0.0
6.459418e-05,0.21895629,0.109510444,0,0,0,0.0
0.00066902617,0.155956,0.078312516,0,0,0,0.0
0.06726977,0.2103358,0.1388028,0,0,0,0.0
0.00010966021,0.15040179,0.07525572,0,0,0,0.0
0.0010663312,0.20439352,0.102729924,0,0,0,0.0
0.080706984,0.22426353,0.15248525,0,0,0,0.0
0.00013347027,0.23849957,0.11931652,0,0,0,0.0
0.12032104,0.16024765,0.14028434,0,0,0,1.0
0.000110970264,0.21521296,0.10766196,0,0,0,0.0
0.0009605345,0.24089561,0.12092807,0,0,0,0.0
0.0011089547,0.1641289,0.08261893,0,0,0,0.0
0.12585825,0.20432752,0.16509289,0,0,0,1.0
0.00017793811,0.23577099,0.11797446,0,0,0,0.0
0.00052473915,0.16310918,0.081816964,0,0,0,0.0
0.10280876,0.2022859,0.15254733,0,0,0,1.0
0.00020369988,0.14583485,0.07301927,0,0,0,0.0
0.000108744476,0.20266545,0.1013871,0,0,0,0.0
0.05736836,0.22857822,0.14297329,0,0,0,1.0
9.5787414e-05,0.2580402,0.12906799,0,0,0,0.0
0.00036038883,0.2666955,0.13352795,0,0,0,0.0
7.746708e-05,0.25695494,0.1285162,0,0,0,0.0
0.00071061816,0.27074164,0.13572612,0,0,0,0.0
0.21750648,0.2798659,0.2486862,0,0,0,1.0
0.00046173588,0.2762584,0.13836007,0,0,0,0.0
0.16735396,0.2779533,0.22265363,0,0,0,1.0
7.098013e-05,0.20622316,0.10314707,0,0,0,0.0
0.0003739243,0.24574806,0.123060994,0,0,0,0.0
0.19288734,0.26384592,0.22836663,0,0,0,1.0
0.00010812047,0.19453135,0.09731974,0,0,0,0.0
0.0004706499,0.242675,0.12157283,0,0,0,0.0
0.28900784,0.25678042,0.27289414,0,0,0,1.0
0.00016541018,0.18106242,0.09061391,0,0,0,0.0
0.3410208,0.23338816,0.28720447,0,0,0,1.0
0.00011254393,0.2780758,0.13909417,0,0,0,0.0
0.0007709802,0.18177179,0.091271386,0,0,0,0.0
0.000979969,0.2315744,0.11627719,0,0,0,0.0
0.6170359,0.25502294,0.43602943,1,0,0,1.0
0.00015417994,0.19116996,0.09566207,0,0,0,0.0
0.00068943313,0.2321927,0.11644106,0,0,0,0.0
0.37402743,0.26150176,0.31776458,0,0,0,1.0
0.00012647278,0.2787698,0.13944814,0,0,0,0.0
0.0009510779,0.17670082,0.08882595,0,0,0,0.0
0.2720935,0.20883839,0.24046594,0,0,0,0.0
0.00011513126,0.23830271,0.11920892,0,0,0,0.0
0.33810577,0.15968075,0.24889326,0,0,0,1.0
9.450388e-05,0.23516582,0.11763016,0,0,0,0.0
0.00074713177,0.24206056,0.12140384,0,0,0,0.0
9.857088e-05,0.15285444,0.07647651,0,0,0,0.0
0.00062882714,0.206156,0.103392415,0,0,0,0.0
0.41258675,0.23398605,0.3232864,0,0,0,0.0
7.8278805e-05,0.15166065,0.07586946,0,0,0,0.0
0.00052488793,0.20250803,0.10151646,0,0,0,0.0
0.3321691,0.12635963,0.22926435,0,0,0,0.0
0.0005366039,0.18934272,0.094939664,0,0,0,0.0
0.14032915,0.19713214,0.16873065,0,0,0,0.0
5.4499393e-05,0.24753597,0.12379523,0,0,0,0.0
0.00052310363,0.1549563,0.0777397,0,0,0,0.0
0.31916922,0.18388362,0.25152642,0,0,0,1.0
6.689242e-05,0.24403504,0.12205096,0,0,0,0.0
0.00082646235,0.17024419,0.085535325,0,0,0,0.0
0.45754364,0.1932743,0.32540897,0,0,0,1.0
9.732743e-05,0.25881216,0.12945475,0,0,0,0.0
0.0010198544,0.18619178,0.09360582,0,0,0,0.0
0.30890456,0.20583618,0.25737035,0,0,0,1.0
5.4394044e-05,0.15597053,0.07801246,0,0,0,0.0
0.0006517429,0.22621746,0.113434605,0,0,0,0.0
0.3957597,0.26177138,0.32876554,0,0,0,1.0
5.593995e-05,0.3529997,0.17652781,0,0,0,0.0
0.00022889505,0.24519306,0.12271098,0,0,0,0.0
0.00093559397,0.25484532,0.12789045,0,0,0,0.0
0.5136781,0.26358417,0.3886311,1,0,0,1.0
0.000111639885,0.3104185,0.15526506,0,0,0,0.0
0.00045459555,0.2297614,0.115108,0,0,0,0.0
0.16814661,0.25253206,0.21033934,0,0,0,1.0
0.00012890936,0.29214576,0.14613733,0,0,0,0.0
0.00044725,0.31787604,0.15916164,0,0,0,0.0
0.17268723,0.29102618,0.2318567,0,0,0,1.0
9.368406e-05,0.24938384,0.12473876,0,0,0,0.0
0.0005556896,0.26612708,0.13334139,0,0,0,0.0
0.10476615,0.24787793,0.17632204,0,0,0,1.0
0.00010001411,0.21251144,0.106305726,0,0,0,0.0
0.1387105,0.22353074,0.18112062,0,0,0,1.0
0.00010658801,0.17130113,0.08570386,0,0,0,0.0
0.0006424268,0.20520411,0.102923274,0,0,0,0.0
0.00080495107,0.23423621,0.11752058,0,0,0,0.0
0.38644302,0.14251712,0.26448005,0,0,0,1.0
8.146531e-05,0.19695838,0.09851992,0,0,0,0.0
0.0006216354,0.22916795,0.11489479,0,0,0,0.0
0.20098339,0.14000948,0.17049643,0,0,0,1.0
7.890738e-05,0.19146375,0.09577133,0,0,0,0.0
0.000801309,0.22367126,0.11223628,0,0,0,0.0
0.42017907,0.13452393,0.2773515,0,0,0,1.0
7.334214e-05,0.18337898,0.09172616,0,0,0,0.0
0.20402957,0.21519458,0.20961207,0,0,0,1.0
2.9081028e-05,0.22905484,0.11454196,0,0,0,0.0
0.0003659654,0.15053718,0.075451575,0,0,0,0.0
0.00034641637,0.18152978,0.0909381,0,0,0,0.0
0.13406757,0.11357325,0.12382041,0,0,0,0.0
1.8130977e-05,0.15601058,0.07801436,0,0,0,0.0
0.00026956986,0.1890904,0.09467999,0,0,0,0.0
1.7196753e-05,0.12368217,0.061849684,0,0,0,0.0
0.13810706,0.16249517,0.15030111,0,0,0,1.0
3.254025e-05,0.19513968,0.09758611,0,0,0,0.0
0.00045743145,0.13186355,0.06616049,0,0,0,0.0
3.8910326e-05,0.17242251,0.08623071,0,0,0,0.0
0.000400702,0.11642791,0.058414306,0,0,0,0.0
0.602952,0.16534574,0.38414887,1,0,0,1.0
5.7918638e-05,0.18742435,0.093741134,0,0,0,0.0
0.0005305171,0.21632639,0.10842845,0,0,0,0.0
0.31219202,0.22129743,0.26674473,0,0,0,1.0
0.0003541246,0.16766109,0.084007606,0,0,0,0.0
0.27289408,0.19839986,0.23564696,0,0,0,1.0
3.0201782e-05,0.13863848,0.06933434,0,0,0,0.0
0.00021936507,0.17820768,0.08921352,0,0,0,0.0
0.0992049,0.20767243,0.15343866,0,0,0,1.0
2.3038892e-05,0.14536299,0.07269301,0,0,0,0.0
0.00036155127,0.18064184,0.090501696,0,0,0,0.0
0.0926428,0.20792294,0.15028286,0,0,0,1.0
3.960398e-05,0.13929853,0.06966907,0,0,0,0.0
0.0004943459,0.17589045,0.088192396,0,0,0,0.0
0.19298404,0.12070444,0.15684424,0,0,0,1.0
5.3379074e-05,0.16984007,0.08494672,0,0,0,0.0
0.00010788864,0.186974,0.093540944,0,0,0,0.0
0.0004197469,0.19803868,0.09922922,0,0,0,0.0
0.1483726,0.13434102,0.14135681,0,0,0,1.0
0.00012827298,0.1794068,0.08976754,0,0,0,0.0
0.13718095,0.20921567,0.17319831,0,0,0,1.0
1.8765719e-05,0.13824183,0.069130294,0,0,0,0.0
7.863186e-05,0.17586641,0.08797252,0,0,0,0.0
0.07268141,0.20291305,0.13779724,0,0,0,1.0
2.7648786e-05,0.13416387,0.06709576,0,0,0,0.0
0.00016802466,0.17506687,0.08761745,0,0,0,0.0
0.10509325,0.115376994,0.110235125,0,0,0,1.0
4.275901e-05,0.1661933,0.08311804,0,0,0,0.0
0.076514795,0.18354426,0.13002953,0,0,0,1.0
3.3673936e-05,0.22333318,0.11168343,0,0,0,0.0
0.0002647856,0.2230498,0.11165729,0,0,0,0.0
4.314584e-05,0.1601626,0.08010287,0,0,0,0.0
0.00018613398,0.19392304,0.097054586,0,0,0,0.0
0.4361921,0.20267126,0.31943166,0,0,0,1.0
0.00021119998,0.14240411,0.07130765,0,0,0,0.0
0.42528844,0.17558071,0.3004346,0,0,0,0.0
3.99572e-05,0.12028836,0.060164157,0,0,0,0.0
0.00013292121,0.16577436,0.08295364,0,0,0,0.0
0.05488984,0.19551477,0.1252023,0,0,0,0.0
1.7506414e-05,0.13182098,0.06591924,0,0,0,0.0
8.795928e-05,0.17664771,0.088367835,0,0,0,0.0
0.04276596,0.2022174,0.12249168,0,0,0,0.0
1.3223177e-05,0.13252392,0.06626857,0,0,0,0.0
0.16884294,0.17774317,0.17329305,0,0,0,0.0
1.0216882e-05,0.21255161,0.106280915,0,0,0,0.0
8.2548e-05,0.12792553,0.06400404,0,0,0,0.0
0.00010400743,0.1717329,0.08591846,0,0,0,0.0
0.26660722,0.1790708,0.22283901,0,0,0,0.0
2.101033e-05,0.11964014,0.059830576,0,0,0,0.0
0.00019780645,0.16129453,0.080746174,0,0,0,0.0
0.25659138,0.18391585,0.22025362,0,0,0,1.0
1.5338564e-05,0.11834287,0.059179105,0,0,0,0.0
0.00012291111,0.15967973,0.079901315,0,0,0,0.0
0.2860291,0.1822587,0.2341439,0,0,0,1.0
2.0867912e-05,0.11796932,0.058995094,0,0,0,0.0
0.25459158,0.15932329,0.20695743,0,0,0,1.0
3.69622e-05,0.19205019,0.09604357,0,0,0,0.0
0.00027318174,0.12781814,0.06404566,0,0,0,0.0
2.1627635e-05,0.1658568,0.08293921,0,0,0,0.0
0.00015123909,0.19119403,0.09567263,0,0,0,0.0
0.25494263,0.12630847,0.19062555,0,0,0,1.0
2.56163e-05,0.1648642,0.082444906,0,0,0,0.0
0.00018153992,0.17214133,0.086161435,0,0,0,0.0
0.41705427,0.114660665,0.26585746,0,0,0,1.0
0.00014639639,0.16199905,0.08107272,0,0,0,0.0
0.14502014,0.18606713,0.16554365,0,0,0,1.0
2.5075036e-05,0.12603927,0.06303217,0,0,0,0.0
0.00018844567,0.16625391,0.083221175,0,0,0,0.0
0.107553154,0.19100767,0.14928041,0,0,0,1.0
2.7999486e-05,0.12943664,0.06473232,0,0,0,0.0
0.00034944844,0.17258473,0.08646709,0,0,0,0.0
0.13306403,0.200954,0.16700903,0,0,0,1.0
2.0369302e-05,0.14374408,0.071882226,0,0,0,0.0
0.0002005061,0.18588902,0.093044765,0,0,0,0.0
0.033426203,0.19530514,0.11436567,0,0,0,0.0
2.5669047e-05,0.14396116,0.07199342,0,0,0,0.0
0.00019297254,0.19139189,0.09579243,0,0,0,0.0
0.02578535,0.2143313,0.12005833,0,0,0,0.0
2.8320153e-05,0.14176807,0.0708982,0,0,0,0.0
0.00011865291,0.16506572,0.08259219,0,0,0,0.0
0.030669075,0.18779117,0.10923012,0,0,0,0.0
2.1075108e-05,0.11477133,0.057396203,0,0,0,0.0
0.00014095122,0.15560913,0.07787504,0,0,0,0.0
0.02212382,0.17761637,0.09987009,0,0,0,1.0
3.1689717e-05,0.10862664,0.054329164,0,0,0,0.0
0.00022923421,0.1496876,0.07495842,0,0,0,0.0
0.032792002,0.17461202,0.10370201,0,0,0,0.0
2.625536e-05,0.1733053,0.08666578,0,0,0,0.0
0.00023395818,0.12427265,0.062253304,0,0,0,0.0
0.105231576,0.15608579,0.13065869,0,0,0,1.0
9.229316e-05,0.15475842,0.07742536,0,0,0,0.0
0.00022038771,0.11135373,0.05578706,0,0,0,0.0
0.1297047,0.07759601,0.103650354,0,0,0,1.0
3.4068227e-05,0.12974136,0.06488771,0,0,0,0.0
0.00022537337,0.13349159,0.066858485,0,0,0,0.0
0.08901695,0.15336767,0.12119231,0,0,0,1.0
1.641957e-05,0.102674395,0.051345408,0,0,0,0.0
0.00010335983,0.15150759,0.07580547,0,0,0,0.0
0.14253454,0.16069695,0.15161574,0,0,0,0.0
1.7080236e-05,0.10695828,0.053487677,0,0,0,0.0
0.00014227006,0.16181533,0.0809788,0,0,0,0.0
0.17442617,0.15629075,0.16535845,0,0,0,0.0
1.2038614e-05,0.10499405,0.052503046,0,0,0,0.0
0.00011943584,0.15692997,0.0785247,0,0,0,0.0
0.1482861,0.1987151,0.1735006,0,0,0,0.0
2.020574e-05,0.18166982,0.09084501,0,0,0,0.0
0.00030638473,0.1257256,0.06301599,0,0,0,0.0
0.13043551,0.14113583,0.13578567,0,0,0,1.0
2.710252e-05,0.09985102,0.049939062,0,0,0,0.0
0.00036166696,0.15411802,0.07723984,0,0,0,0.0
0.3561645,0.15679574,0.2564801,0,0,0,0.0
4.348414e-05,0.10676731,0.053405397,0,0,0,0.0
0.00043806122,0.16068947,0.08056377,0,0,0,0.0
0.5694746,0.1618484,0.3656615,1,0,0,1.0
9.026791e-05,0.10877803,0.05443415,0,0,0,0.0
0.0001556926,0.16423032,0.082193,0,0,0,0.0
0.00062877533,0.10651298,0.053570878,0,0,0,0.0
0.4809686,0.16759068,0.32427964,0,0,0,1.0
0.00013384089,0.1610787,0.080606274,0,0,0,0.0
0.00076515705,0.2031683,0.10196673,0,0,0,0.0
0.52839667,0.18466122,0.35652894,1,0,0,1.0
0.7513227,0.12762748,0.4394751,1,0,0,1.0
0.00021231854,0.16155049,0.0808814,0,0,0,0.0
0.0013575333,0.10894236,0.055149946,0,0,0,0.0
0.0018193361,0.16066737,0.08124336,0,0,0,0.0
0.85067326,0.17695361,0.51381344,1,0,1,1.0
0.0005002939,0.11212492,0.056312606,0,0,0,0.0
0.0077740494,0.16452283,0.08614844,0,0,0,0.0
0.9676196,0.17864951,0.57313454,1,0,1,1.0
0.0007969038,0.11891771,0.05985731,0,0,0,0.0
0.007010541,0.16839847,0.0877045,0,0,0,0.0
0.9734427,0.11129321,0.54236794,1,0,1,1.0
0.0007326447,0.16952084,0.08512674,0,0,0,0.0
0.00047555572,0.17097346,0.08572451,0,0,0,0.0
0.00644369,0.17663549,0.09153959,0,0,0,0.0
0.9523159,0.1149438,0.5336299,1,0,1,1.0
0.006459232,0.16898765,0.08772344,0,0,0,0.0
0.9462138,0.19194178,0.5690778,1,0,1,1.0
0.000574612,0.12259106,0.061582837,0,0,0,0.0
0.0047797137,0.17093174,0.08785573,0,0,0,0.0
0.85398114,0.19336914,0.52367514,1,0,1,1.0
0.000495697,0.12229156,0.061393626,0,0,0,0.0
0.0039453073,0.17079656,0.08737093,0,0,0,0.0
0.6861121,0.10613843,0.39612526,1,0,0,1.0
0.00057151204,0.16486944,0.08272048,0,0,0,0.0
0.7037188,0.16605258,0.43488568,1,0,0,1.0
0.00026097972,0.20603015,0.10314556,0,0,0,0.0
0.002606208,0.19573057,0.09916839,0,0,0,0.0
0.00053490134,0.119921505,0.060228202,0,0,0,0.0
0.004001158,0.17030971,0.08715543,0,0,0,0.0
0.888836,0.16994168,0.52938884,1,0,1,1.0
0.002748125,0.109378584,0.056063354,0,0,0,0.0
0.91732424,0.14234497,0.5298346,1,0,1,0.0
0.0004001304,0.09799284,0.049196485,0,0,0,0.0
0.0027360963,0.14926957,0.07600283,0,0,0,0.0
0.87385213,0.165491,0.51967156,1,0,1,0.0
0.0002686457,0.10768228,0.053975463,0,0,0,0.0
0.002528682,0.15913714,0.08083291,0,0,0,0.0
0.8634025,0.16832186,0.51586217,1,0,1,0.0
0.00013105679,0.1088331,0.054482076,0,0,0,0.0
0.8788079,0.16201612,0.520412,1,0,1,1.0
0.00027384565,0.15371433,0.076994084,0,0,0,0.0
0.0032776883,0.09992262,0.051600154,0,0,0,0.0
0.0017572289,0.14899722,0.075377226,0,0,0,0.0
0.85317224,0.1379904,0.49558133,1,0,0,1.0
0.00022891446,0.0942544,0.047241654,0,0,0,0.0
0.0013483384,0.14721633,0.07428233,0,0,0,0.0
0.81861866,0.1370232,0.47782093,1,0,0,1.0
9.587368e-05,0.026332743,0.013214309,0,0,0,0.0
0.0006525926,0.06012955,0.030391071,0,0,0,0.0
0.67094105,0.027666047,0.34930354,1,0,0,1.0
0.00013032179,0.005696604,0.002913463,0,0,0,0.0
0.7331446,0.024889067,0.37901682,1,0,0,1.0
0.0001338331,0.016201708,0.008167771,0,0,0,0.0
0.000924534,0.0035114982,0.0022180162,0,0,0,0.0
0.00019439639,0.02186727,0.011030833,0,0,0,0.0
0.0010551935,0.015162082,0.008108638,0,0,0,0.0
0.9031085,0.0027806764,0.45294458,1,0,0,1.0
0.00025232672,0.020892413,0.01057237,0,0,0,0.0
0.0014360079,0.010015312,0.00572566,0,0,0,0.0
0.8707806,0.002442455,0.43661153,1,0,0,1.0
0.0011173387,0.023880066,0.012498703,0,0,0,0.0
0.7818849,0.012317482,0.3971012,1,0,0,1.0
0.00028371264,0.002587763,0.0014357378,0,0,0,0.0
0.0013795379,0.019972237,0.010675888,0,0,0,0.0
0.746271,0.015062651,0.38066682,1,0,0,0.0
0.00022939734,0.0027906,0.0015099987,0,0,0,0.0
0.003884792,0.02013165,0.012008221,0,0,0,0.0
0.9573146,0.016329018,0.4868218,1,0,0,0.0
0.0004933787,0.0030963968,0.0017948877,0,0,0,0.0
0.002257044,0.020982392,0.011619718,0,0,0,0.0
0.9076042,0.009335508,0.45846987,1,0,0,0.0
0.0003541582,0.0027372725,0.0015457154,0,0,0,0.0
0.0019159967,0.020139433,0.011027715,0,0,0,0.0
0.89790916,0.012670501,0.45528984,1,0,0,0.0
0.00040510952,0.0028304376,0.0016177736,0,0,0,0.0
0.0012257227,0.019407762,0.010316743,0,0,0,0.0
0.80824596,0.019162197,0.41370407,1,0,0,0.0
0.00022218743,0.0030417254,0.0016319564,0,0,0,0.0
0.00077455875,0.021635594,0.011205076,0,0,0,0.0
0.5646375,0.024576202,0.29460683,1,0,0,1.0
0.00019011507,0.0031571877,0.0016736514,0,0,0,0.0
0.00055960746,0.022158619,0.011359113,0,0,0,0.0
0.6269868,0.042298242,0.33464253,1,0,0,1.0
0.00019977656,0.023018016,0.011608896,0,0,0,0.0
0.000724134,0.0038674653,0.0022957996,0,0,0,0.0
0.77474505,0.024896897,0.39982098,1,0,0,1.0
0.00020657408,0.014361902,0.007284238,0,0,0,0.0
0.00071076583,0.0032420454,0.0019764057,0,0,0,0.0
0.89542806,0.0018565642,0.4486423,1,0,0,1.0
0.00013250121,0.014147093,0.007139797,0,0,0,0.0
0.00036321365,0.0064142514,0.0033887324,0,0,0,0.0
0.94082916,0.0125005655,0.47666487,1,0,0,1.0
0.0003425843,0.0026284945,0.0014855394,0,0,0,0.0
0.0005199388,0.019682022,0.01010098,0,0,0,0.0
0.9379787,0.018025186,0.47800192,1,0,0,1.0
0.00024848845,0.0028637855,0.001556137,0,0,0,0.0
0.0004087437,0.021015273,0.010712009,0,0,0,0.0
0.9035688,0.015543502,0.45955616,1,0,0,1.0
0.00027723264,0.0027802535,0.0015287431,0,0,0,0.0
0.00044438374,0.019311441,0.009877913,0,0,0,0.0
0.88908845,0.039404083,0.46424627,1,0,0,1.0
0.00017810547,0.014982244,0.0075801746,0,0,0,0.0
0.0005336819,0.0030755394,0.0018046106,0,0,0,0.0
0.88745934,0.007852281,0.4476558,1,0,0,1.0
0.00014835956,0.0022862984,0.001217329,0,0,0,0.0
0.00052921433,0.015566342,0.008047778,0,0,0,0.0
0.9438169,0.011195966,0.47750643,1,0,0,1.0
0.000415898,0.0024840322,0.001449965,0,0,0,0.0
0.0019699035,0.016979657,0.00947478,0,0,0,0.0
0.94138,0.014433559,0.4779068,1,0,0,1.0
0.0005302378,0.002612977,0.0015716074,0,0,0,0.0
0.00032522398,0.018030416,0.00917782,0,0,0,0.0
0.001119197,0.0023111918,0.0017151944,0,0,0,0.0
0.9173196,0.016685408,0.4670025,1,0,0,0.0
0.00021603487,0.0068730083,0.0035445215,0,0,0,0.0
0.0009921356,0.033115394,0.017053764,0,0,0,0.0
0.90120685,0.011636992,0.4564219,1,0,0,0.0
0.89332485,0.0025231496,0.447924,1,0,0,0.0
0.00010119824,0.008053001,0.0040770997,0,0,0,0.0
0.0010560262,0.0020886112,0.0015723187,0,0,0,0.0
0.0021247105,0.018280145,0.010202427,0,0,0,0.0
0.7267923,0.015567723,0.37118,1,0,0,0.0
0.0001329533,0.002335998,0.0012344756,0,0,0,0.0
0.0011638658,0.020271026,0.010717446,0,0,0,0.0
0.6388008,0.024960967,0.3318809,1,0,0,0.0
0.00014314926,0.0024652742,0.0013042117,0,0,0,0.0
0.0013562267,0.021258032,0.01130713,0,0,0,0.0
0.71790105,0.0021296944,0.36001536,1,0,0,0.0
0.00013101318,0.020360816,0.010245915,0,0,0,0.0
0.00015894706,0.007445574,0.0038022604,0,0,0,0.0
0.0015036373,0.008616672,0.0050601545,0,0,0,0.0
0.6536191,0.0019909362,0.327805,1,0,0,1.0
0.0020778845,0.01798799,0.010032938,0,0,0,0.0
0.7068412,0.014009079,0.3604251,1,0,0,1.0
0.00023368355,0.002219603,0.0012266432,0,0,0,0.0
0.0018004769,0.018376013,0.010088245,0,0,0,0.0
0.6761191,0.022037126,0.34907812,1,0,0,1.0
0.00025071806,0.0024130116,0.0013318649,0,0,0,0.0
0.00092952704,0.020656448,0.010792987,0,0,0,0.0
0.62600976,0.0021509703,0.31408036,1,0,0,1.0
0.00028769436,0.019583544,0.009935619,0,0,0,0.0
0.69444203,0.009598403,0.3520202,1,0,0,0.0
0.00013430176,0.048951685,0.024542993,0,0,0,0.0
0.0006146989,0.021913232,0.011263966,0,0,0,0.0
0.00018328668,0.0025516965,0.0013674916,0,0,0,0.0
0.00080766104,0.0016279327,0.0012177968,0,0,0,0.0
0.68092316,0.01539356,0.34815836,1,0,0,0.0
0.00047059153,0.007619966,0.0040452788,0,0,0,0.0
0.7396338,0.010509701,0.37507176,1,0,0,0.0
0.00015806034,0.0020237053,0.0010908828,0,0,0,0.0
0.00089496095,0.02053098,0.01071297,0,0,0,0.0
0.7138686,0.01502639,0.3644475,1,0,0,0.0
0.00021882757,0.0022655223,0.0012421749,0,0,0,0.0
0.00060291874,0.024413696,0.012508308,0,0,0,0.0
0.68182176,0.015775431,0.3487986,1,0,0,0.0
0.00013739629,0.0024080365,0.0012727164,0,0,0,0.0
0.69273055,0.026529703,0.35963014,1,0,0,1.0
7.2139366e-05,0.063807905,0.03194002,0,0,0,0.0
0.00048191767,0.021333812,0.010907865,0,0,0,0.0
0.00031992013,0.0029643143,0.0016421173,0,0,0,0.0
0.73345435,0.009531043,0.37149268,1,0,0,1.0
0.00013438029,0.002057171,0.0010957756,0,0,0,0.0
0.00066357874,0.023182405,0.011922992,0,0,0,0.0
0.726303,0.021606779,0.3739549,1,0,0,1.0
0.00011652245,0.0023861376,0.00125133,0,0,0,0.0
0.00040738453,0.025536213,0.012971799,0,0,0,0.0
0.6271557,0.025142554,0.32614914,1,0,0,1.0
0.00013358283,0.0024700866,0.0013018347,0,0,0,0.0
0.5914668,0.025798334,0.30863255,1,0,0,1.0
0.000116649186,0.067969166,0.034042906,0,0,0,0.0
0.00053463556,0.0027740719,0.0016543537,0,0,0,0.0
9.162094e-05,0.026388464,0.013240043,0,0,0,0.0
0.0004445043,0.0022733533,0.0013589287,0,0,0,0.0
0.47030097,0.027614938,0.24895796,0,0,0,1.0
0.24464768,0.007582931,0.1261153,0,0,0,1.0
9.605432e-05,0.030332705,0.01521438,0,0,0,0.0
0.0004586081,0.0022917497,0.0013751789,0,0,0,0.0
0.00073339214,0.022581909,0.011657651,0,0,0,0.0
0.47706988,0.07173509,0.2744025,0,0,0,1.0
0.0002507905,0.0027105813,0.0014806859,0,0,0,0.0
0.0007247384,0.025141653,0.012933196,0,0,0,0.0
0.33629996,0.0022081682,0.16925406,0,0,0,1.0
0.00012491443,0.026517835,0.013321375,0,0,0,0.0
0.00095967785,0.0076328027,0.0042962404,0,0,0,0.0
0.25737306,0.0018845936,0.12962882,0,0,0,1.0
0.00017469785,0.023511948,0.011843323,0,0,0,0.0
0.00013777716,0.006749067,0.003443422,0,0,0,0.0
0.00053007435,0.02327606,0.011903068,0,0,0,0.0
0.333665,0.0022774648,0.16797124,0,0,0,1.0
0.00079106406,0.022755047,0.011773055,0,0,0,0.0
0.50039715,0.010288302,0.25534272,1,0,0,1.0
0.00012203499,0.0027806817,0.0014513583,0,0,0,0.0
0.00073209684,0.028604575,0.014668336,0,0,0,0.0
0.54146016,0.011847872,0.276654,1,0,0,1.0
0.00017382667,0.0028917557,0.0015327912,0,0,0,0.0
0.0010973451,0.029760227,0.015428786,0,0,0,0.0
0.68666756,0.013939806,0.35030368,1,0,0,0.0
0.00016988067,0.0028952102,0.0015325454,0,0,0,0.0
0.0008286261,0.030837959,0.015833292,0,0,0,0.0
0.8460524,0.012034625,0.42904353,1,0,0,0.0
0.00035875934,0.002748916,0.0015538377,0,0,0,0.0
0.93565446,0.03210962,0.48388204,1,0,0,0.0
0.00025271723,0.010137425,0.005195071,0,0,0,0.0
0.0018789495,0.0027196193,0.0022992843,0,0,0,0.0
0.0012435231,0.032204807,0.016724166,0,0,0,0.0
0.8295158,0.009378044,0.41944692,1,0,0,0.0
0.00018282572,0.0028470617,0.0015149438,0,0,0,0.0
0.0022229701,0.03305587,0.01763942,0,0,0,0.0
0.8614541,0.008362189,0.43490815,1,0,0,0.0
0.00029701373,0.0028822734,0.0015896435,0,0,0,0.0
0.8132805,0.0,0.0,1,0,0,1.0
0.00017996175,0.0,0.0,0,0,0,0.0
0.0020476251,0.0,0.0,0,0,0,0.0
0.93954885,0.0,0.0,1,0,0,1.0
0.00026920182,0.0,0.0,0,0,0,0.0
0.0012268885,0.0,0.0,0,0,0,0.0
0.0006036078,0.0,0.0,0,0,0,0.0
0.83306575,0.0,0.0,1,0,0,1.0
0.00033493413,0.0,0.0,0,0,0,0.0
0.001067588,0.0,0.0,0,0,0,0.0
0.8300747,0.0,0.0,1,0,0,1.0
0.00027903556,0.0,0.0,0,0,0,0.0
0.0010557455,0.0,0.0,0,0,0,0.0
0.87290406,0.0,0.0,1,0,0,1.0
0.00018392762,0.0,0.0,0,0,0,0.0
0.0011162072,0.0,0.0,0,0,0,0.0
0.7923898,0.0,0.0,1,0,0,0.0
0.00012907233,0.0,0.0,0,0,0,0.0
0.0016576587,0.0,0.0,0,0,0,0.0
0.81505483,0.0,0.0,1,0,0,0.0
0.00063619635,0.0,0.0,0,0,0,0.0
0.0018872828,0.0,0.0,0,0,0,0.0
0.87666255,0.0,0.0,1,0,0,0.0
0.00062462833,0.0,0.0,0,0,0,0.0
0.002084863,0.0,0.0,0,0,0,0.0
0.9128854,0.0,0.0,1,0,0,0.0
0.0005598224,0.0,0.0,0,0,0,0.0
0.003378601,0.0,0.0,0,0,0,0.0
0.952108,0.0,0.0,1,0,0,0.0
0.0004704612,0.0,0.0,0,0,0,0.0
